Metric,Date,Value,Stock
Free Cash Flow,2025-06-30 00:00:00,4482000000.0,DRREDDY.NS
Repayment Of Debt,2025-06-30 00:00:00,-326000000.0,DRREDDY.NS
Issuance Of Debt,2025-06-30 00:00:00,,DRREDDY.NS
Issuance Of Capital Stock,2025-06-30 00:00:00,196000000.0,DRREDDY.NS
Capital Expenditure,2025-06-30 00:00:00,-10147000000.0,DRREDDY.NS
End Cash Position,2025-06-30 00:00:00,9004000000.0,DRREDDY.NS
Beginning Cash Position,2025-06-30 00:00:00,14593000000.0,DRREDDY.NS
Effect Of Exchange Rate Changes,2025-06-30 00:00:00,177000000.0,DRREDDY.NS
Changes In Cash,2025-06-30 00:00:00,-5766000000.0,DRREDDY.NS
Financing Cash Flow,2025-06-30 00:00:00,-1203000000.0,DRREDDY.NS
Cash Flow From Continuing Financing Activities,2025-06-30 00:00:00,-1203000000.0,DRREDDY.NS
Interest Paid Cff,2025-06-30 00:00:00,-1143000000.0,DRREDDY.NS
Cash Dividends Paid,2025-06-30 00:00:00,0.0,DRREDDY.NS
Net Common Stock Issuance,2025-06-30 00:00:00,196000000.0,DRREDDY.NS
Common Stock Issuance,2025-06-30 00:00:00,196000000.0,DRREDDY.NS
Net Issuance Payments Of Debt,2025-06-30 00:00:00,-256000000.0,DRREDDY.NS
Net Short Term Debt Issuance,2025-06-30 00:00:00,70000000.0,DRREDDY.NS
Net Long Term Debt Issuance,2025-06-30 00:00:00,-326000000.0,DRREDDY.NS
Long Term Debt Payments,2025-06-30 00:00:00,-326000000.0,DRREDDY.NS
Long Term Debt Issuance,2025-06-30 00:00:00,,DRREDDY.NS
Investing Cash Flow,2025-06-30 00:00:00,-19192000000.0,DRREDDY.NS
Cash Flow From Continuing Investing Activities,2025-06-30 00:00:00,-19192000000.0,DRREDDY.NS
Interest Received Cfi,2025-06-30 00:00:00,835000000.0,DRREDDY.NS
Dividends Received Cfi,2025-06-30 00:00:00,,DRREDDY.NS
Net Investment Purchase And Sale,2025-06-30 00:00:00,-9861000000.0,DRREDDY.NS
Sale Of Investment,2025-06-30 00:00:00,41739000000.0,DRREDDY.NS
Purchase Of Investment,2025-06-30 00:00:00,-51600000000.0,DRREDDY.NS
Net Business Purchase And Sale,2025-06-30 00:00:00,-51000000.0,DRREDDY.NS
Purchase Of Business,2025-06-30 00:00:00,-51000000.0,DRREDDY.NS
Net Intangibles Purchase And Sale,2025-06-30 00:00:00,-3286000000.0,DRREDDY.NS
Sale Of Intangibles,2025-06-30 00:00:00,,DRREDDY.NS
Purchase Of Intangibles,2025-06-30 00:00:00,-3286000000.0,DRREDDY.NS
Net PPE Purchase And Sale,2025-06-30 00:00:00,-6829000000.0,DRREDDY.NS
Sale Of PPE,2025-06-30 00:00:00,32000000.0,DRREDDY.NS
Purchase Of PPE,2025-06-30 00:00:00,-6861000000.0,DRREDDY.NS
Capital Expenditure Reported,2025-06-30 00:00:00,,DRREDDY.NS
Operating Cash Flow,2025-06-30 00:00:00,14629000000.0,DRREDDY.NS
Cash Flow From Continuing Operating Activities,2025-06-30 00:00:00,14629000000.0,DRREDDY.NS
Taxes Refund Paid,2025-06-30 00:00:00,-3188000000.0,DRREDDY.NS
Change In Working Capital,2025-06-30 00:00:00,-8191000000.0,DRREDDY.NS
Change In Other Working Capital,2025-06-30 00:00:00,-3437000000.0,DRREDDY.NS
Change In Payables And Accrued Expense,2025-06-30 00:00:00,6203000000.0,DRREDDY.NS
Change In Payable,2025-06-30 00:00:00,6203000000.0,DRREDDY.NS
Change In Inventory,2025-06-30 00:00:00,-6150000000.0,DRREDDY.NS
Change In Receivables,2025-06-30 00:00:00,-4807000000.0,DRREDDY.NS
Other Non Cash Items,2025-06-30 00:00:00,-298000000.0,DRREDDY.NS
Stock Based Compensation,2025-06-30 00:00:00,112000000.0,DRREDDY.NS
Unrealized Gain Loss On Investment Securities,2025-06-30 00:00:00,-730000000.0,DRREDDY.NS
Provisionand Write Offof Assets,2025-06-30 00:00:00,215000000.0,DRREDDY.NS
Asset Impairment Charge,2025-06-30 00:00:00,1635000000.0,DRREDDY.NS
Deferred Tax,2025-06-30 00:00:00,4951000000.0,DRREDDY.NS
Deferred Income Tax,2025-06-30 00:00:00,4951000000.0,DRREDDY.NS
Depreciation Amortization Depletion,2025-06-30 00:00:00,4765000000.0,DRREDDY.NS
Depreciation And Amortization,2025-06-30 00:00:00,4765000000.0,DRREDDY.NS
Amortization Cash Flow,2025-06-30 00:00:00,1871000000.0,DRREDDY.NS
Amortization Of Intangibles,2025-06-30 00:00:00,1871000000.0,DRREDDY.NS
Depreciation,2025-06-30 00:00:00,2894000000.0,DRREDDY.NS
Operating Gains Losses,2025-06-30 00:00:00,1262000000.0,DRREDDY.NS
Earnings Losses From Equity Investments,2025-06-30 00:00:00,-2000000.0,DRREDDY.NS
Net Foreign Currency Exchange Gain Loss,2025-06-30 00:00:00,1224000000.0,DRREDDY.NS
Net Income From Continuing Operations,2025-06-30 00:00:00,14096000000.0,DRREDDY.NS
Free Cash Flow,2025-03-31 00:00:00,10750000000.0,DRREDDY.NS
Repayment Of Debt,2025-03-31 00:00:00,-253000000.0,DRREDDY.NS
Issuance Of Debt,2025-03-31 00:00:00,0.0,DRREDDY.NS
Issuance Of Capital Stock,2025-03-31 00:00:00,-7045000000.0,DRREDDY.NS
Capital Expenditure,2025-03-31 00:00:00,-11246000000.0,DRREDDY.NS
End Cash Position,2025-03-31 00:00:00,14593000000.0,DRREDDY.NS
Beginning Cash Position,2025-03-31 00:00:00,13032000000.0,DRREDDY.NS
Effect Of Exchange Rate Changes,2025-03-31 00:00:00,235000000.0,DRREDDY.NS
Changes In Cash,2025-03-31 00:00:00,1326000000.0,DRREDDY.NS
Financing Cash Flow,2025-03-31 00:00:00,-7370000000.0,DRREDDY.NS
Cash Flow From Continuing Financing Activities,2025-03-31 00:00:00,-7370000000.0,DRREDDY.NS
Interest Paid Cff,2025-03-31 00:00:00,-846000000.0,DRREDDY.NS
Cash Dividends Paid,2025-03-31 00:00:00,0.0,DRREDDY.NS
Net Common Stock Issuance,2025-03-31 00:00:00,-8434000000.0,DRREDDY.NS
Common Stock Issuance,2025-03-31 00:00:00,-7045000000.0,DRREDDY.NS
Net Issuance Payments Of Debt,2025-03-31 00:00:00,-5146000000.0,DRREDDY.NS
Net Short Term Debt Issuance,2025-03-31 00:00:00,-4893000000.0,DRREDDY.NS
Net Long Term Debt Issuance,2025-03-31 00:00:00,-253000000.0,DRREDDY.NS
Long Term Debt Payments,2025-03-31 00:00:00,-253000000.0,DRREDDY.NS
Long Term Debt Issuance,2025-03-31 00:00:00,0.0,DRREDDY.NS
Investing Cash Flow,2025-03-31 00:00:00,-13300000000.0,DRREDDY.NS
Cash Flow From Continuing Investing Activities,2025-03-31 00:00:00,-13300000000.0,DRREDDY.NS
Interest Received Cfi,2025-03-31 00:00:00,1065000000.0,DRREDDY.NS
Dividends Received Cfi,2025-03-31 00:00:00,0.0,DRREDDY.NS
Net Investment Purchase And Sale,2025-03-31 00:00:00,-1767000000.0,DRREDDY.NS
Sale Of Investment,2025-03-31 00:00:00,60281000000.0,DRREDDY.NS
Purchase Of Investment,2025-03-31 00:00:00,-62048000000.0,DRREDDY.NS
Net Business Purchase And Sale,2025-03-31 00:00:00,-1655000000.0,DRREDDY.NS
Purchase Of Business,2025-03-31 00:00:00,-1655000000.0,DRREDDY.NS
Net Intangibles Purchase And Sale,2025-03-31 00:00:00,-3271000000.0,DRREDDY.NS
Sale Of Intangibles,2025-03-31 00:00:00,313000000.0,DRREDDY.NS
Purchase Of Intangibles,2025-03-31 00:00:00,-3584000000.0,DRREDDY.NS
Net PPE Purchase And Sale,2025-03-31 00:00:00,-7672000000.0,DRREDDY.NS
Sale Of PPE,2025-03-31 00:00:00,-10000000.0,DRREDDY.NS
Purchase Of PPE,2025-03-31 00:00:00,-7662000000.0,DRREDDY.NS
Capital Expenditure Reported,2025-03-31 00:00:00,,DRREDDY.NS
Operating Cash Flow,2025-03-31 00:00:00,21996000000.0,DRREDDY.NS
Cash Flow From Continuing Operating Activities,2025-03-31 00:00:00,21996000000.0,DRREDDY.NS
Taxes Refund Paid,2025-03-31 00:00:00,-4583000000.0,DRREDDY.NS
Change In Working Capital,2025-03-31 00:00:00,584000000.0,DRREDDY.NS
Change In Other Working Capital,2025-03-31 00:00:00,1586000000.0,DRREDDY.NS
Change In Payables And Accrued Expense,2025-03-31 00:00:00,-2390000000.0,DRREDDY.NS
Change In Payable,2025-03-31 00:00:00,-2390000000.0,DRREDDY.NS
Change In Inventory,2025-03-31 00:00:00,-363000000.0,DRREDDY.NS
Change In Receivables,2025-03-31 00:00:00,1751000000.0,DRREDDY.NS
Other Non Cash Items,2025-03-31 00:00:00,92000000.0,DRREDDY.NS
Stock Based Compensation,2025-03-31 00:00:00,113000000.0,DRREDDY.NS
Unrealized Gain Loss On Investment Securities,2025-03-31 00:00:00,-719000000.0,DRREDDY.NS
Provisionand Write Offof Assets,2025-03-31 00:00:00,48000000.0,DRREDDY.NS
Asset Impairment Charge,2025-03-31 00:00:00,1676000000.0,DRREDDY.NS
Deferred Tax,2025-03-31 00:00:00,4182000000.0,DRREDDY.NS
Deferred Income Tax,2025-03-31 00:00:00,4182000000.0,DRREDDY.NS
Depreciation Amortization Depletion,2025-03-31 00:00:00,4554000000.0,DRREDDY.NS
Depreciation And Amortization,2025-03-31 00:00:00,4554000000.0,DRREDDY.NS
Amortization Cash Flow,2025-03-31 00:00:00,1919000000.0,DRREDDY.NS
Amortization Of Intangibles,2025-03-31 00:00:00,1919000000.0,DRREDDY.NS
Depreciation,2025-03-31 00:00:00,2635000000.0,DRREDDY.NS
Operating Gains Losses,2025-03-31 00:00:00,177000000.0,DRREDDY.NS
Earnings Losses From Equity Investments,2025-03-31 00:00:00,-55000000.0,DRREDDY.NS
Net Foreign Currency Exchange Gain Loss,2025-03-31 00:00:00,1299000000.0,DRREDDY.NS
Net Income From Continuing Operations,2025-03-31 00:00:00,15872000000.0,DRREDDY.NS
Free Cash Flow,2024-12-31 00:00:00,-2199000000.0,DRREDDY.NS
Repayment Of Debt,2024-12-31 00:00:00,-306000000.0,DRREDDY.NS
Issuance Of Debt,2024-12-31 00:00:00,0.0,DRREDDY.NS
Issuance Of Capital Stock,2024-12-31 00:00:00,25000000.0,DRREDDY.NS
Capital Expenditure,2024-12-31 00:00:00,-8819000000.0,DRREDDY.NS
End Cash Position,2024-12-31 00:00:00,13032000000.0,DRREDDY.NS
Beginning Cash Position,2024-12-31 00:00:00,11285000000.0,DRREDDY.NS
Effect Of Exchange Rate Changes,2024-12-31 00:00:00,-5000000.0,DRREDDY.NS
Changes In Cash,2024-12-31 00:00:00,1752000000.0,DRREDDY.NS
Financing Cash Flow,2024-12-31 00:00:00,590000000.0,DRREDDY.NS
Cash Flow From Continuing Financing Activities,2024-12-31 00:00:00,590000000.0,DRREDDY.NS
Interest Paid Cff,2024-12-31 00:00:00,-956000000.0,DRREDDY.NS
Cash Dividends Paid,2024-12-31 00:00:00,0.0,DRREDDY.NS
Net Common Stock Issuance,2024-12-31 00:00:00,25000000.0,DRREDDY.NS
Common Stock Issuance,2024-12-31 00:00:00,25000000.0,DRREDDY.NS
Net Issuance Payments Of Debt,2024-12-31 00:00:00,1521000000.0,DRREDDY.NS
Net Short Term Debt Issuance,2024-12-31 00:00:00,1827000000.0,DRREDDY.NS
Net Long Term Debt Issuance,2024-12-31 00:00:00,-306000000.0,DRREDDY.NS
Long Term Debt Payments,2024-12-31 00:00:00,-306000000.0,DRREDDY.NS
Long Term Debt Issuance,2024-12-31 00:00:00,0.0,DRREDDY.NS
Investing Cash Flow,2024-12-31 00:00:00,-5458000000.0,DRREDDY.NS
Cash Flow From Continuing Investing Activities,2024-12-31 00:00:00,-5458000000.0,DRREDDY.NS
Interest Received Cfi,2024-12-31 00:00:00,1027000000.0,DRREDDY.NS
Dividends Received Cfi,2024-12-31 00:00:00,0.0,DRREDDY.NS
Net Investment Purchase And Sale,2024-12-31 00:00:00,2223000000.0,DRREDDY.NS
Sale Of Investment,2024-12-31 00:00:00,56307000000.0,DRREDDY.NS
Purchase Of Investment,2024-12-31 00:00:00,-54084000000.0,DRREDDY.NS
Net Business Purchase And Sale,2024-12-31 00:00:00,0.0,DRREDDY.NS
Purchase Of Business,2024-12-31 00:00:00,0.0,DRREDDY.NS
Net Intangibles Purchase And Sale,2024-12-31 00:00:00,-1623000000.0,DRREDDY.NS
Sale Of Intangibles,2024-12-31 00:00:00,0.0,DRREDDY.NS
Purchase Of Intangibles,2024-12-31 00:00:00,-1623000000.0,DRREDDY.NS
Net PPE Purchase And Sale,2024-12-31 00:00:00,-7085000000.0,DRREDDY.NS
Sale Of PPE,2024-12-31 00:00:00,111000000.0,DRREDDY.NS
Purchase Of PPE,2024-12-31 00:00:00,-7196000000.0,DRREDDY.NS
Capital Expenditure Reported,2024-12-31 00:00:00,,DRREDDY.NS
Operating Cash Flow,2024-12-31 00:00:00,6620000000.0,DRREDDY.NS
Cash Flow From Continuing Operating Activities,2024-12-31 00:00:00,6620000000.0,DRREDDY.NS
Taxes Refund Paid,2024-12-31 00:00:00,-6656000000.0,DRREDDY.NS
Change In Working Capital,2024-12-31 00:00:00,-9648000000.0,DRREDDY.NS
Change In Other Working Capital,2024-12-31 00:00:00,595000000.0,DRREDDY.NS
Change In Payables And Accrued Expense,2024-12-31 00:00:00,-1332000000.0,DRREDDY.NS
Change In Payable,2024-12-31 00:00:00,-1332000000.0,DRREDDY.NS
Change In Inventory,2024-12-31 00:00:00,-1059000000.0,DRREDDY.NS
Change In Receivables,2024-12-31 00:00:00,-7852000000.0,DRREDDY.NS
Other Non Cash Items,2024-12-31 00:00:00,114000000.0,DRREDDY.NS
Stock Based Compensation,2024-12-31 00:00:00,103000000.0,DRREDDY.NS
Unrealized Gain Loss On Investment Securities,2024-12-31 00:00:00,-590000000.0,DRREDDY.NS
Provisionand Write Offof Assets,2024-12-31 00:00:00,17000000.0,DRREDDY.NS
Asset Impairment Charge,2024-12-31 00:00:00,1464000000.0,DRREDDY.NS
Deferred Tax,2024-12-31 00:00:00,4704000000.0,DRREDDY.NS
Deferred Income Tax,2024-12-31 00:00:00,4704000000.0,DRREDDY.NS
Depreciation Amortization Depletion,2024-12-31 00:00:00,4719000000.0,DRREDDY.NS
Depreciation And Amortization,2024-12-31 00:00:00,4719000000.0,DRREDDY.NS
Amortization Cash Flow,2024-12-31 00:00:00,1986000000.0,DRREDDY.NS
Amortization Of Intangibles,2024-12-31 00:00:00,1986000000.0,DRREDDY.NS
Depreciation,2024-12-31 00:00:00,2733000000.0,DRREDDY.NS
Operating Gains Losses,2024-12-31 00:00:00,-1645000000.0,DRREDDY.NS
Earnings Losses From Equity Investments,2024-12-31 00:00:00,-42000000.0,DRREDDY.NS
Net Foreign Currency Exchange Gain Loss,2024-12-31 00:00:00,-1595000000.0,DRREDDY.NS
Net Income From Continuing Operations,2024-12-31 00:00:00,14038000000.0,DRREDDY.NS
Free Cash Flow,2024-09-30 00:00:00,1407000000.0,DRREDDY.NS
Repayment Of Debt,2024-09-30 00:00:00,-435000000.0,DRREDDY.NS
Issuance Of Debt,2024-09-30 00:00:00,0.0,DRREDDY.NS
Issuance Of Capital Stock,2024-09-30 00:00:00,7194000000.0,DRREDDY.NS
Capital Expenditure,2024-09-30 00:00:00,-7909000000.0,DRREDDY.NS
End Cash Position,2024-09-30 00:00:00,11285000000.0,DRREDDY.NS
Beginning Cash Position,2024-09-30 00:00:00,4913000000.0,DRREDDY.NS
Effect Of Exchange Rate Changes,2024-09-30 00:00:00,-23000000.0,DRREDDY.NS
Changes In Cash,2024-09-30 00:00:00,6395000000.0,DRREDDY.NS
Financing Cash Flow,2024-09-30 00:00:00,16150000000.0,DRREDDY.NS
Cash Flow From Continuing Financing Activities,2024-09-30 00:00:00,16150000000.0,DRREDDY.NS
Interest Paid Cff,2024-09-30 00:00:00,-937000000.0,DRREDDY.NS
Cash Dividends Paid,2024-09-30 00:00:00,-6662000000.0,DRREDDY.NS
Net Common Stock Issuance,2024-09-30 00:00:00,7194000000.0,DRREDDY.NS
Common Stock Issuance,2024-09-30 00:00:00,7194000000.0,DRREDDY.NS
Net Issuance Payments Of Debt,2024-09-30 00:00:00,16555000000.0,DRREDDY.NS
Net Short Term Debt Issuance,2024-09-30 00:00:00,16990000000.0,DRREDDY.NS
Net Long Term Debt Issuance,2024-09-30 00:00:00,-435000000.0,DRREDDY.NS
Long Term Debt Payments,2024-09-30 00:00:00,-435000000.0,DRREDDY.NS
Long Term Debt Issuance,2024-09-30 00:00:00,0.0,DRREDDY.NS
Investing Cash Flow,2024-09-30 00:00:00,-19071000000.0,DRREDDY.NS
Cash Flow From Continuing Investing Activities,2024-09-30 00:00:00,-19071000000.0,DRREDDY.NS
Interest Received Cfi,2024-09-30 00:00:00,834000000.0,DRREDDY.NS
Dividends Received Cfi,2024-09-30 00:00:00,,DRREDDY.NS
Net Investment Purchase And Sale,2024-09-30 00:00:00,39132000000.0,DRREDDY.NS
Sale Of Investment,2024-09-30 00:00:00,115722000000.0,DRREDDY.NS
Purchase Of Investment,2024-09-30 00:00:00,-76590000000.0,DRREDDY.NS
Net Business Purchase And Sale,2024-09-30 00:00:00,-51758000000.0,DRREDDY.NS
Purchase Of Business,2024-09-30 00:00:00,-51758000000.0,DRREDDY.NS
Net Intangibles Purchase And Sale,2024-09-30 00:00:00,46000000.0,DRREDDY.NS
Sale Of Intangibles,2024-09-30 00:00:00,,DRREDDY.NS
Purchase Of Intangibles,2024-09-30 00:00:00,-373000000.0,DRREDDY.NS
Net PPE Purchase And Sale,2024-09-30 00:00:00,-7325000000.0,DRREDDY.NS
Sale Of PPE,2024-09-30 00:00:00,211000000.0,DRREDDY.NS
Purchase Of PPE,2024-09-30 00:00:00,-7536000000.0,DRREDDY.NS
Capital Expenditure Reported,2024-09-30 00:00:00,,DRREDDY.NS
Operating Cash Flow,2024-09-30 00:00:00,9316000000.0,DRREDDY.NS
Cash Flow From Continuing Operating Activities,2024-09-30 00:00:00,9316000000.0,DRREDDY.NS
Taxes Refund Paid,2024-09-30 00:00:00,-7223000000.0,DRREDDY.NS
Change In Working Capital,2024-09-30 00:00:00,-7784000000.0,DRREDDY.NS
Change In Other Working Capital,2024-09-30 00:00:00,-963000000.0,DRREDDY.NS
Change In Payables And Accrued Expense,2024-09-30 00:00:00,1583000000.0,DRREDDY.NS
Change In Payable,2024-09-30 00:00:00,1583000000.0,DRREDDY.NS
Change In Inventory,2024-09-30 00:00:00,-5008000000.0,DRREDDY.NS
Change In Receivables,2024-09-30 00:00:00,-3396000000.0,DRREDDY.NS
Other Non Cash Items,2024-09-30 00:00:00,92000000.0,DRREDDY.NS
Stock Based Compensation,2024-09-30 00:00:00,107000000.0,DRREDDY.NS
Unrealized Gain Loss On Investment Securities,2024-09-30 00:00:00,-1354000000.0,DRREDDY.NS
Provisionand Write Offof Assets,2024-09-30 00:00:00,96000000.0,DRREDDY.NS
Asset Impairment Charge,2024-09-30 00:00:00,2461000000.0,DRREDDY.NS
Deferred Tax,2024-09-30 00:00:00,5752000000.0,DRREDDY.NS
Deferred Income Tax,2024-09-30 00:00:00,5752000000.0,DRREDDY.NS
Depreciation Amortization Depletion,2024-09-30 00:00:00,3975000000.0,DRREDDY.NS
Depreciation And Amortization,2024-09-30 00:00:00,3975000000.0,DRREDDY.NS
Amortization Cash Flow,2024-09-30 00:00:00,1346000000.0,DRREDDY.NS
Amortization Of Intangibles,2024-09-30 00:00:00,1346000000.0,DRREDDY.NS
Depreciation,2024-09-30 00:00:00,2629000000.0,DRREDDY.NS
Operating Gains Losses,2024-09-30 00:00:00,-221000000.0,DRREDDY.NS
Earnings Losses From Equity Investments,2024-09-30 00:00:00,-61000000.0,DRREDDY.NS
Net Foreign Currency Exchange Gain Loss,2024-09-30 00:00:00,270000000.0,DRREDDY.NS
Net Income From Continuing Operations,2024-09-30 00:00:00,13415000000.0,DRREDDY.NS
Free Cash Flow,2024-06-30 00:00:00,2072000000.0,DRREDDY.NS
Repayment Of Debt,2024-06-30 00:00:00,-300000000.0,DRREDDY.NS
Issuance Of Debt,2024-06-30 00:00:00,0.0,DRREDDY.NS
Issuance Of Capital Stock,2024-06-30 00:00:00,19000000.0,DRREDDY.NS
Capital Expenditure,2024-06-30 00:00:00,-6424000000.0,DRREDDY.NS
End Cash Position,2024-06-30 00:00:00,4913000000.0,DRREDDY.NS
Beginning Cash Position,2024-06-30 00:00:00,7107000000.0,DRREDDY.NS
Effect Of Exchange Rate Changes,2024-06-30 00:00:00,17000000.0,DRREDDY.NS
Changes In Cash,2024-06-30 00:00:00,-2211000000.0,DRREDDY.NS
Financing Cash Flow,2024-06-30 00:00:00,9541000000.0,DRREDDY.NS
Cash Flow From Continuing Financing Activities,2024-06-30 00:00:00,9541000000.0,DRREDDY.NS
Interest Paid Cff,2024-06-30 00:00:00,-744000000.0,DRREDDY.NS
Cash Dividends Paid,2024-06-30 00:00:00,0.0,DRREDDY.NS
Net Common Stock Issuance,2024-06-30 00:00:00,19000000.0,DRREDDY.NS
Common Stock Issuance,2024-06-30 00:00:00,19000000.0,DRREDDY.NS
Net Issuance Payments Of Debt,2024-06-30 00:00:00,10266000000.0,DRREDDY.NS
Net Short Term Debt Issuance,2024-06-30 00:00:00,10566000000.0,DRREDDY.NS
Net Long Term Debt Issuance,2024-06-30 00:00:00,-300000000.0,DRREDDY.NS
Long Term Debt Payments,2024-06-30 00:00:00,-300000000.0,DRREDDY.NS
Long Term Debt Issuance,2024-06-30 00:00:00,0.0,DRREDDY.NS
Investing Cash Flow,2024-06-30 00:00:00,-20248000000.0,DRREDDY.NS
Cash Flow From Continuing Investing Activities,2024-06-30 00:00:00,-20248000000.0,DRREDDY.NS
Interest Received Cfi,2024-06-30 00:00:00,446000000.0,DRREDDY.NS
Dividends Received Cfi,2024-06-30 00:00:00,,DRREDDY.NS
Net Investment Purchase And Sale,2024-06-30 00:00:00,-14470000000.0,DRREDDY.NS
Sale Of Investment,2024-06-30 00:00:00,47266000000.0,DRREDDY.NS
Purchase Of Investment,2024-06-30 00:00:00,-61736000000.0,DRREDDY.NS
Net Business Purchase And Sale,2024-06-30 00:00:00,0.0,DRREDDY.NS
Purchase Of Business,2024-06-30 00:00:00,0.0,DRREDDY.NS
Net Intangibles Purchase And Sale,2024-06-30 00:00:00,-1314000000.0,DRREDDY.NS
Sale Of Intangibles,2024-06-30 00:00:00,,DRREDDY.NS
Purchase Of Intangibles,2024-06-30 00:00:00,-1314000000.0,DRREDDY.NS
Net PPE Purchase And Sale,2024-06-30 00:00:00,-4910000000.0,DRREDDY.NS
Sale Of PPE,2024-06-30 00:00:00,200000000.0,DRREDDY.NS
Purchase Of PPE,2024-06-30 00:00:00,-5110000000.0,DRREDDY.NS
Capital Expenditure Reported,2024-06-30 00:00:00,,DRREDDY.NS
Operating Cash Flow,2024-06-30 00:00:00,8496000000.0,DRREDDY.NS
Cash Flow From Continuing Operating Activities,2024-06-30 00:00:00,8496000000.0,DRREDDY.NS
Taxes Refund Paid,2024-06-30 00:00:00,-1531000000.0,DRREDDY.NS
Change In Working Capital,2024-06-30 00:00:00,-13141000000.0,DRREDDY.NS
Change In Other Working Capital,2024-06-30 00:00:00,-8511000000.0,DRREDDY.NS
Change In Payables And Accrued Expense,2024-06-30 00:00:00,2479000000.0,DRREDDY.NS
Change In Payable,2024-06-30 00:00:00,2479000000.0,DRREDDY.NS
Change In Inventory,2024-06-30 00:00:00,-6323000000.0,DRREDDY.NS
Change In Receivables,2024-06-30 00:00:00,-786000000.0,DRREDDY.NS
Other Non Cash Items,2024-06-30 00:00:00,-146000000.0,DRREDDY.NS
Stock Based Compensation,2024-06-30 00:00:00,101000000.0,DRREDDY.NS
Unrealized Gain Loss On Investment Securities,2024-06-30 00:00:00,-891000000.0,DRREDDY.NS
Provisionand Write Offof Assets,2024-06-30 00:00:00,0.0,DRREDDY.NS
Asset Impairment Charge,2024-06-30 00:00:00,1312000000.0,DRREDDY.NS
Deferred Tax,2024-06-30 00:00:00,4901000000.0,DRREDDY.NS
Deferred Income Tax,2024-06-30 00:00:00,4901000000.0,DRREDDY.NS
Depreciation Amortization Depletion,2024-06-30 00:00:00,3810000000.0,DRREDDY.NS
Depreciation And Amortization,2024-06-30 00:00:00,3810000000.0,DRREDDY.NS
Amortization Cash Flow,2024-06-30 00:00:00,1302000000.0,DRREDDY.NS
Amortization Of Intangibles,2024-06-30 00:00:00,1302000000.0,DRREDDY.NS
Depreciation,2024-06-30 00:00:00,2508000000.0,DRREDDY.NS
Operating Gains Losses,2024-06-30 00:00:00,161000000.0,DRREDDY.NS
Earnings Losses From Equity Investments,2024-06-30 00:00:00,-59000000.0,DRREDDY.NS
Net Foreign Currency Exchange Gain Loss,2024-06-30 00:00:00,237000000.0,DRREDDY.NS
Net Income From Continuing Operations,2024-06-30 00:00:00,13920000000.0,DRREDDY.NS
Free Cash Flow,2024-03-31 00:00:00,,DRREDDY.NS
Repayment Of Debt,2024-03-31 00:00:00,,DRREDDY.NS
Issuance Of Debt,2024-03-31 00:00:00,0.0,DRREDDY.NS
Issuance Of Capital Stock,2024-03-31 00:00:00,,DRREDDY.NS
Capital Expenditure,2024-03-31 00:00:00,,DRREDDY.NS
End Cash Position,2024-03-31 00:00:00,,DRREDDY.NS
Beginning Cash Position,2024-03-31 00:00:00,,DRREDDY.NS
Effect Of Exchange Rate Changes,2024-03-31 00:00:00,,DRREDDY.NS
Changes In Cash,2024-03-31 00:00:00,,DRREDDY.NS
Financing Cash Flow,2024-03-31 00:00:00,,DRREDDY.NS
Cash Flow From Continuing Financing Activities,2024-03-31 00:00:00,,DRREDDY.NS
Interest Paid Cff,2024-03-31 00:00:00,,DRREDDY.NS
Cash Dividends Paid,2024-03-31 00:00:00,,DRREDDY.NS
Net Common Stock Issuance,2024-03-31 00:00:00,,DRREDDY.NS
Common Stock Issuance,2024-03-31 00:00:00,,DRREDDY.NS
Net Issuance Payments Of Debt,2024-03-31 00:00:00,,DRREDDY.NS
Net Short Term Debt Issuance,2024-03-31 00:00:00,,DRREDDY.NS
Net Long Term Debt Issuance,2024-03-31 00:00:00,,DRREDDY.NS
Long Term Debt Payments,2024-03-31 00:00:00,,DRREDDY.NS
Long Term Debt Issuance,2024-03-31 00:00:00,0.0,DRREDDY.NS
Investing Cash Flow,2024-03-31 00:00:00,,DRREDDY.NS
Cash Flow From Continuing Investing Activities,2024-03-31 00:00:00,,DRREDDY.NS
Interest Received Cfi,2024-03-31 00:00:00,,DRREDDY.NS
Dividends Received Cfi,2024-03-31 00:00:00,0.0,DRREDDY.NS
Net Investment Purchase And Sale,2024-03-31 00:00:00,,DRREDDY.NS
Sale Of Investment,2024-03-31 00:00:00,,DRREDDY.NS
Purchase Of Investment,2024-03-31 00:00:00,,DRREDDY.NS
Net Business Purchase And Sale,2024-03-31 00:00:00,,DRREDDY.NS
Purchase Of Business,2024-03-31 00:00:00,,DRREDDY.NS
Net Intangibles Purchase And Sale,2024-03-31 00:00:00,,DRREDDY.NS
Sale Of Intangibles,2024-03-31 00:00:00,0.0,DRREDDY.NS
Purchase Of Intangibles,2024-03-31 00:00:00,,DRREDDY.NS
Net PPE Purchase And Sale,2024-03-31 00:00:00,,DRREDDY.NS
Sale Of PPE,2024-03-31 00:00:00,,DRREDDY.NS
Purchase Of PPE,2024-03-31 00:00:00,,DRREDDY.NS
Capital Expenditure Reported,2024-03-31 00:00:00,,DRREDDY.NS
Operating Cash Flow,2024-03-31 00:00:00,,DRREDDY.NS
Cash Flow From Continuing Operating Activities,2024-03-31 00:00:00,,DRREDDY.NS
Taxes Refund Paid,2024-03-31 00:00:00,,DRREDDY.NS
Change In Working Capital,2024-03-31 00:00:00,,DRREDDY.NS
Change In Other Working Capital,2024-03-31 00:00:00,,DRREDDY.NS
Change In Payables And Accrued Expense,2024-03-31 00:00:00,,DRREDDY.NS
Change In Payable,2024-03-31 00:00:00,,DRREDDY.NS
Change In Inventory,2024-03-31 00:00:00,,DRREDDY.NS
Change In Receivables,2024-03-31 00:00:00,,DRREDDY.NS
Other Non Cash Items,2024-03-31 00:00:00,,DRREDDY.NS
Stock Based Compensation,2024-03-31 00:00:00,,DRREDDY.NS
Unrealized Gain Loss On Investment Securities,2024-03-31 00:00:00,,DRREDDY.NS
Provisionand Write Offof Assets,2024-03-31 00:00:00,,DRREDDY.NS
Asset Impairment Charge,2024-03-31 00:00:00,,DRREDDY.NS
Deferred Tax,2024-03-31 00:00:00,,DRREDDY.NS
Deferred Income Tax,2024-03-31 00:00:00,,DRREDDY.NS
Depreciation Amortization Depletion,2024-03-31 00:00:00,,DRREDDY.NS
Depreciation And Amortization,2024-03-31 00:00:00,,DRREDDY.NS
Amortization Cash Flow,2024-03-31 00:00:00,,DRREDDY.NS
Amortization Of Intangibles,2024-03-31 00:00:00,,DRREDDY.NS
Depreciation,2024-03-31 00:00:00,,DRREDDY.NS
Operating Gains Losses,2024-03-31 00:00:00,,DRREDDY.NS
Earnings Losses From Equity Investments,2024-03-31 00:00:00,,DRREDDY.NS
Net Foreign Currency Exchange Gain Loss,2024-03-31 00:00:00,,DRREDDY.NS
Net Income From Continuing Operations,2024-03-31 00:00:00,,DRREDDY.NS
Free Cash Flow,2023-12-31 00:00:00,,DRREDDY.NS
Repayment Of Debt,2023-12-31 00:00:00,,DRREDDY.NS
Issuance Of Debt,2023-12-31 00:00:00,,DRREDDY.NS
Issuance Of Capital Stock,2023-12-31 00:00:00,,DRREDDY.NS
Capital Expenditure,2023-12-31 00:00:00,,DRREDDY.NS
End Cash Position,2023-12-31 00:00:00,,DRREDDY.NS
Beginning Cash Position,2023-12-31 00:00:00,,DRREDDY.NS
Effect Of Exchange Rate Changes,2023-12-31 00:00:00,,DRREDDY.NS
Changes In Cash,2023-12-31 00:00:00,,DRREDDY.NS
Financing Cash Flow,2023-12-31 00:00:00,,DRREDDY.NS
Cash Flow From Continuing Financing Activities,2023-12-31 00:00:00,,DRREDDY.NS
Interest Paid Cff,2023-12-31 00:00:00,,DRREDDY.NS
Cash Dividends Paid,2023-12-31 00:00:00,,DRREDDY.NS
Net Common Stock Issuance,2023-12-31 00:00:00,,DRREDDY.NS
Common Stock Issuance,2023-12-31 00:00:00,,DRREDDY.NS
Net Issuance Payments Of Debt,2023-12-31 00:00:00,,DRREDDY.NS
Net Short Term Debt Issuance,2023-12-31 00:00:00,,DRREDDY.NS
Net Long Term Debt Issuance,2023-12-31 00:00:00,,DRREDDY.NS
Long Term Debt Payments,2023-12-31 00:00:00,,DRREDDY.NS
Long Term Debt Issuance,2023-12-31 00:00:00,,DRREDDY.NS
Investing Cash Flow,2023-12-31 00:00:00,,DRREDDY.NS
Cash Flow From Continuing Investing Activities,2023-12-31 00:00:00,,DRREDDY.NS
Interest Received Cfi,2023-12-31 00:00:00,,DRREDDY.NS
Dividends Received Cfi,2023-12-31 00:00:00,0.0,DRREDDY.NS
Net Investment Purchase And Sale,2023-12-31 00:00:00,,DRREDDY.NS
Sale Of Investment,2023-12-31 00:00:00,,DRREDDY.NS
Purchase Of Investment,2023-12-31 00:00:00,,DRREDDY.NS
Net Business Purchase And Sale,2023-12-31 00:00:00,,DRREDDY.NS
Purchase Of Business,2023-12-31 00:00:00,,DRREDDY.NS
Net Intangibles Purchase And Sale,2023-12-31 00:00:00,,DRREDDY.NS
Sale Of Intangibles,2023-12-31 00:00:00,0.0,DRREDDY.NS
Purchase Of Intangibles,2023-12-31 00:00:00,,DRREDDY.NS
Net PPE Purchase And Sale,2023-12-31 00:00:00,,DRREDDY.NS
Sale Of PPE,2023-12-31 00:00:00,,DRREDDY.NS
Purchase Of PPE,2023-12-31 00:00:00,,DRREDDY.NS
Capital Expenditure Reported,2023-12-31 00:00:00,-5042000000.0,DRREDDY.NS
Operating Cash Flow,2023-12-31 00:00:00,,DRREDDY.NS
Cash Flow From Continuing Operating Activities,2023-12-31 00:00:00,,DRREDDY.NS
Taxes Refund Paid,2023-12-31 00:00:00,,DRREDDY.NS
Change In Working Capital,2023-12-31 00:00:00,,DRREDDY.NS
Change In Other Working Capital,2023-12-31 00:00:00,,DRREDDY.NS
Change In Payables And Accrued Expense,2023-12-31 00:00:00,,DRREDDY.NS
Change In Payable,2023-12-31 00:00:00,,DRREDDY.NS
Change In Inventory,2023-12-31 00:00:00,,DRREDDY.NS
Change In Receivables,2023-12-31 00:00:00,,DRREDDY.NS
Other Non Cash Items,2023-12-31 00:00:00,,DRREDDY.NS
Stock Based Compensation,2023-12-31 00:00:00,,DRREDDY.NS
Unrealized Gain Loss On Investment Securities,2023-12-31 00:00:00,,DRREDDY.NS
Provisionand Write Offof Assets,2023-12-31 00:00:00,,DRREDDY.NS
Asset Impairment Charge,2023-12-31 00:00:00,,DRREDDY.NS
Deferred Tax,2023-12-31 00:00:00,,DRREDDY.NS
Deferred Income Tax,2023-12-31 00:00:00,,DRREDDY.NS
Depreciation Amortization Depletion,2023-12-31 00:00:00,,DRREDDY.NS
Depreciation And Amortization,2023-12-31 00:00:00,,DRREDDY.NS
Amortization Cash Flow,2023-12-31 00:00:00,,DRREDDY.NS
Amortization Of Intangibles,2023-12-31 00:00:00,,DRREDDY.NS
Depreciation,2023-12-31 00:00:00,,DRREDDY.NS
Operating Gains Losses,2023-12-31 00:00:00,,DRREDDY.NS
Earnings Losses From Equity Investments,2023-12-31 00:00:00,,DRREDDY.NS
Net Foreign Currency Exchange Gain Loss,2023-12-31 00:00:00,,DRREDDY.NS
Net Income From Continuing Operations,2023-12-31 00:00:00,,DRREDDY.NS
Free Cash Flow,2025-06-30 00:00:00,38377000000.0,WIPRO.NS
Repayment Of Debt,2025-06-30 00:00:00,-95089000000.0,WIPRO.NS
Issuance Of Debt,2025-06-30 00:00:00,56783000000.0,WIPRO.NS
Issuance Of Capital Stock,2025-06-30 00:00:00,21000000.0,WIPRO.NS
Capital Expenditure,2025-06-30 00:00:00,-2742000000.0,WIPRO.NS
End Cash Position,2025-06-30 00:00:00,125763000000.0,WIPRO.NS
Beginning Cash Position,2025-06-30 00:00:00,121974000000.0,WIPRO.NS
Effect Of Exchange Rate Changes,2025-06-30 00:00:00,1705000000.0,WIPRO.NS
Changes In Cash,2025-06-30 00:00:00,2084000000.0,WIPRO.NS
Financing Cash Flow,2025-06-30 00:00:00,-41451000000.0,WIPRO.NS
Cash Flow From Continuing Financing Activities,2025-06-30 00:00:00,-41451000000.0,WIPRO.NS
Net Other Financing Charges,2025-06-30 00:00:00,-1096000000.0,WIPRO.NS
Interest Paid Cff,2025-06-30 00:00:00,-2070000000.0,WIPRO.NS
Cash Dividends Paid,2025-06-30 00:00:00,0.0,WIPRO.NS
Net Common Stock Issuance,2025-06-30 00:00:00,21000000.0,WIPRO.NS
Common Stock Issuance,2025-06-30 00:00:00,21000000.0,WIPRO.NS
Net Issuance Payments Of Debt,2025-06-30 00:00:00,-38306000000.0,WIPRO.NS
Net Long Term Debt Issuance,2025-06-30 00:00:00,-38306000000.0,WIPRO.NS
Long Term Debt Payments,2025-06-30 00:00:00,-95089000000.0,WIPRO.NS
Long Term Debt Issuance,2025-06-30 00:00:00,56783000000.0,WIPRO.NS
Investing Cash Flow,2025-06-30 00:00:00,2416000000.0,WIPRO.NS
Cash Flow From Continuing Investing Activities,2025-06-30 00:00:00,2416000000.0,WIPRO.NS
Interest Received Cfi,2025-06-30 00:00:00,7575000000.0,WIPRO.NS
Dividends Received Cfi,2025-06-30 00:00:00,,WIPRO.NS
Net Investment Purchase And Sale,2025-06-30 00:00:00,-2429000000.0,WIPRO.NS
Sale Of Investment,2025-06-30 00:00:00,232843000000.0,WIPRO.NS
Purchase Of Investment,2025-06-30 00:00:00,-235272000000.0,WIPRO.NS
Net PPE Purchase And Sale,2025-06-30 00:00:00,-2730000000.0,WIPRO.NS
Sale Of PPE,2025-06-30 00:00:00,12000000.0,WIPRO.NS
Purchase Of PPE,2025-06-30 00:00:00,-2742000000.0,WIPRO.NS
Operating Cash Flow,2025-06-30 00:00:00,41119000000.0,WIPRO.NS
Cash Flow From Continuing Operating Activities,2025-06-30 00:00:00,41119000000.0,WIPRO.NS
Taxes Refund Paid,2025-06-30 00:00:00,707000000.0,WIPRO.NS
Change In Working Capital,2025-06-30 00:00:00,-4536000000.0,WIPRO.NS
Change In Other Working Capital,2025-06-30 00:00:00,561000000.0,WIPRO.NS
Change In Other Current Assets,2025-06-30 00:00:00,-249000000.0,WIPRO.NS
Change In Payables And Accrued Expense,2025-06-30 00:00:00,2021000000.0,WIPRO.NS
Change In Payable,2025-06-30 00:00:00,2021000000.0,WIPRO.NS
Change In Account Payable,2025-06-30 00:00:00,2021000000.0,WIPRO.NS
Change In Inventory,2025-06-30 00:00:00,125000000.0,WIPRO.NS
Change In Receivables,2025-06-30 00:00:00,-6994000000.0,WIPRO.NS
Changes In Account Receivables,2025-06-30 00:00:00,154000000.0,WIPRO.NS
Other Non Cash Items,2025-06-30 00:00:00,-6761000000.0,WIPRO.NS
Stock Based Compensation,2025-06-30 00:00:00,436000000.0,WIPRO.NS
Provisionand Write Offof Assets,2025-06-30 00:00:00,502000000.0,WIPRO.NS
Deferred Tax,2025-06-30 00:00:00,9218000000.0,WIPRO.NS
Deferred Income Tax,2025-06-30 00:00:00,9218000000.0,WIPRO.NS
Depreciation Amortization Depletion,2025-06-30 00:00:00,6855000000.0,WIPRO.NS
Depreciation And Amortization,2025-06-30 00:00:00,6855000000.0,WIPRO.NS
Depreciation,2025-06-30 00:00:00,6855000000.0,WIPRO.NS
Operating Gains Losses,2025-06-30 00:00:00,1333000000.0,WIPRO.NS
Earnings Losses From Equity Investments,2025-06-30 00:00:00,-50000000.0,WIPRO.NS
Net Foreign Currency Exchange Gain Loss,2025-06-30 00:00:00,1449000000.0,WIPRO.NS
Gain Loss On Sale Of PPE,2025-06-30 00:00:00,-66000000.0,WIPRO.NS
Net Income From Continuing Operations,2025-06-30 00:00:00,33365000000.0,WIPRO.NS
Free Cash Flow,2024-09-30 00:00:00,39991000000.0,WIPRO.NS
Repayment Of Debt,2024-09-30 00:00:00,-48090000000.0,WIPRO.NS
Issuance Of Debt,2024-09-30 00:00:00,66085000000.0,WIPRO.NS
Issuance Of Capital Stock,2024-09-30 00:00:00,3000000.0,WIPRO.NS
Capital Expenditure,2024-09-30 00:00:00,-2698000000.0,WIPRO.NS
End Cash Position,2024-09-30 00:00:00,104555000000.0,WIPRO.NS
Beginning Cash Position,2024-09-30 00:00:00,98284000000.0,WIPRO.NS
Effect Of Exchange Rate Changes,2024-09-30 00:00:00,1383000000.0,WIPRO.NS
Changes In Cash,2024-09-30 00:00:00,4888000000.0,WIPRO.NS
Financing Cash Flow,2024-09-30 00:00:00,16068000000.0,WIPRO.NS
Cash Flow From Continuing Financing Activities,2024-09-30 00:00:00,16068000000.0,WIPRO.NS
Net Other Financing Charges,2024-09-30 00:00:00,,WIPRO.NS
Interest Paid Cff,2024-09-30 00:00:00,-1930000000.0,WIPRO.NS
Cash Dividends Paid,2024-09-30 00:00:00,0.0,WIPRO.NS
Net Common Stock Issuance,2024-09-30 00:00:00,3000000.0,WIPRO.NS
Common Stock Issuance,2024-09-30 00:00:00,3000000.0,WIPRO.NS
Net Issuance Payments Of Debt,2024-09-30 00:00:00,17995000000.0,WIPRO.NS
Net Long Term Debt Issuance,2024-09-30 00:00:00,17995000000.0,WIPRO.NS
Long Term Debt Payments,2024-09-30 00:00:00,-48090000000.0,WIPRO.NS
Long Term Debt Issuance,2024-09-30 00:00:00,66085000000.0,WIPRO.NS
Investing Cash Flow,2024-09-30 00:00:00,-53869000000.0,WIPRO.NS
Cash Flow From Continuing Investing Activities,2024-09-30 00:00:00,-53869000000.0,WIPRO.NS
Interest Received Cfi,2024-09-30 00:00:00,7513000000.0,WIPRO.NS
Dividends Received Cfi,2024-09-30 00:00:00,1000000.0,WIPRO.NS
Net Investment Purchase And Sale,2024-09-30 00:00:00,-60108000000.0,WIPRO.NS
Sale Of Investment,2024-09-30 00:00:00,166103000000.0,WIPRO.NS
Purchase Of Investment,2024-09-30 00:00:00,-226211000000.0,WIPRO.NS
Net PPE Purchase And Sale,2024-09-30 00:00:00,-1275000000.0,WIPRO.NS
Sale Of PPE,2024-09-30 00:00:00,1423000000.0,WIPRO.NS
Purchase Of PPE,2024-09-30 00:00:00,-2698000000.0,WIPRO.NS
Operating Cash Flow,2024-09-30 00:00:00,42689000000.0,WIPRO.NS
Cash Flow From Continuing Operating Activities,2024-09-30 00:00:00,42689000000.0,WIPRO.NS
Taxes Refund Paid,2024-09-30 00:00:00,-2963000000.0,WIPRO.NS
Change In Working Capital,2024-09-30 00:00:00,-903000000.0,WIPRO.NS
Change In Other Working Capital,2024-09-30 00:00:00,797000000.0,WIPRO.NS
Change In Other Current Assets,2024-09-30 00:00:00,963000000.0,WIPRO.NS
Change In Payables And Accrued Expense,2024-09-30 00:00:00,-3177000000.0,WIPRO.NS
Change In Payable,2024-09-30 00:00:00,-3177000000.0,WIPRO.NS
Change In Account Payable,2024-09-30 00:00:00,-3177000000.0,WIPRO.NS
Change In Inventory,2024-09-30 00:00:00,-139000000.0,WIPRO.NS
Change In Receivables,2024-09-30 00:00:00,653000000.0,WIPRO.NS
Changes In Account Receivables,2024-09-30 00:00:00,1479000000.0,WIPRO.NS
Other Non Cash Items,2024-09-30 00:00:00,-5793000000.0,WIPRO.NS
Stock Based Compensation,2024-09-30 00:00:00,1305000000.0,WIPRO.NS
Provisionand Write Offof Assets,2024-09-30 00:00:00,593000000.0,WIPRO.NS
Deferred Tax,2024-09-30 00:00:00,10512000000.0,WIPRO.NS
Deferred Income Tax,2024-09-30 00:00:00,10512000000.0,WIPRO.NS
Depreciation Amortization Depletion,2024-09-30 00:00:00,8308000000.0,WIPRO.NS
Depreciation And Amortization,2024-09-30 00:00:00,8308000000.0,WIPRO.NS
Depreciation,2024-09-30 00:00:00,8308000000.0,WIPRO.NS
Operating Gains Losses,2024-09-30 00:00:00,-636000000.0,WIPRO.NS
Earnings Losses From Equity Investments,2024-09-30 00:00:00,-3000000.0,WIPRO.NS
Net Foreign Currency Exchange Gain Loss,2024-09-30 00:00:00,187000000.0,WIPRO.NS
Gain Loss On Sale Of PPE,2024-09-30 00:00:00,-820000000.0,WIPRO.NS
Net Income From Continuing Operations,2024-09-30 00:00:00,32266000000.0,WIPRO.NS
Free Cash Flow,2024-06-30 00:00:00,37340000000.0,WIPRO.NS
Repayment Of Debt,2024-06-30 00:00:00,-23297000000.0,WIPRO.NS
Issuance Of Debt,2024-06-30 00:00:00,23750000000.0,WIPRO.NS
Issuance Of Capital Stock,2024-06-30 00:00:00,10000000.0,WIPRO.NS
Capital Expenditure,2024-06-30 00:00:00,-2619000000.0,WIPRO.NS
End Cash Position,2024-06-30 00:00:00,98284000000.0,WIPRO.NS
Beginning Cash Position,2024-06-30 00:00:00,96951000000.0,WIPRO.NS
Effect Of Exchange Rate Changes,2024-06-30 00:00:00,-792000000.0,WIPRO.NS
Changes In Cash,2024-06-30 00:00:00,2125000000.0,WIPRO.NS
Financing Cash Flow,2024-06-30 00:00:00,-1784000000.0,WIPRO.NS
Cash Flow From Continuing Financing Activities,2024-06-30 00:00:00,-1784000000.0,WIPRO.NS
Net Other Financing Charges,2024-06-30 00:00:00,,WIPRO.NS
Interest Paid Cff,2024-06-30 00:00:00,-2247000000.0,WIPRO.NS
Cash Dividends Paid,2024-06-30 00:00:00,0.0,WIPRO.NS
Net Common Stock Issuance,2024-06-30 00:00:00,10000000.0,WIPRO.NS
Common Stock Issuance,2024-06-30 00:00:00,10000000.0,WIPRO.NS
Net Issuance Payments Of Debt,2024-06-30 00:00:00,453000000.0,WIPRO.NS
Net Long Term Debt Issuance,2024-06-30 00:00:00,453000000.0,WIPRO.NS
Long Term Debt Payments,2024-06-30 00:00:00,-23297000000.0,WIPRO.NS
Long Term Debt Issuance,2024-06-30 00:00:00,23750000000.0,WIPRO.NS
Investing Cash Flow,2024-06-30 00:00:00,-36050000000.0,WIPRO.NS
Cash Flow From Continuing Investing Activities,2024-06-30 00:00:00,-36050000000.0,WIPRO.NS
Interest Received Cfi,2024-06-30 00:00:00,6468000000.0,WIPRO.NS
Dividends Received Cfi,2024-06-30 00:00:00,0.0,WIPRO.NS
Net Investment Purchase And Sale,2024-06-30 00:00:00,-39935000000.0,WIPRO.NS
Sale Of Investment,2024-06-30 00:00:00,157683000000.0,WIPRO.NS
Purchase Of Investment,2024-06-30 00:00:00,-197618000000.0,WIPRO.NS
Net PPE Purchase And Sale,2024-06-30 00:00:00,-2583000000.0,WIPRO.NS
Sale Of PPE,2024-06-30 00:00:00,36000000.0,WIPRO.NS
Purchase Of PPE,2024-06-30 00:00:00,-2619000000.0,WIPRO.NS
Operating Cash Flow,2024-06-30 00:00:00,39959000000.0,WIPRO.NS
Cash Flow From Continuing Operating Activities,2024-06-30 00:00:00,39959000000.0,WIPRO.NS
Taxes Refund Paid,2024-06-30 00:00:00,-5120000000.0,WIPRO.NS
Change In Working Capital,2024-06-30 00:00:00,343000000.0,WIPRO.NS
Change In Other Working Capital,2024-06-30 00:00:00,-73000000.0,WIPRO.NS
Change In Other Current Assets,2024-06-30 00:00:00,140000000.0,WIPRO.NS
Change In Payables And Accrued Expense,2024-06-30 00:00:00,-1039000000.0,WIPRO.NS
Change In Payable,2024-06-30 00:00:00,-1039000000.0,WIPRO.NS
Change In Account Payable,2024-06-30 00:00:00,-1039000000.0,WIPRO.NS
Change In Inventory,2024-06-30 00:00:00,-6000000.0,WIPRO.NS
Change In Receivables,2024-06-30 00:00:00,1321000000.0,WIPRO.NS
Changes In Account Receivables,2024-06-30 00:00:00,4529000000.0,WIPRO.NS
Other Non Cash Items,2024-06-30 00:00:00,-4192000000.0,WIPRO.NS
Stock Based Compensation,2024-06-30 00:00:00,1335000000.0,WIPRO.NS
Provisionand Write Offof Assets,2024-06-30 00:00:00,-26000000.0,WIPRO.NS
Deferred Tax,2024-06-30 00:00:00,9850000000.0,WIPRO.NS
Deferred Income Tax,2024-06-30 00:00:00,9850000000.0,WIPRO.NS
Depreciation Amortization Depletion,2024-06-30 00:00:00,7289000000.0,WIPRO.NS
Depreciation And Amortization,2024-06-30 00:00:00,7289000000.0,WIPRO.NS
Depreciation,2024-06-30 00:00:00,7289000000.0,WIPRO.NS
Operating Gains Losses,2024-06-30 00:00:00,114000000.0,WIPRO.NS
Earnings Losses From Equity Investments,2024-06-30 00:00:00,45000000.0,WIPRO.NS
Net Foreign Currency Exchange Gain Loss,2024-06-30 00:00:00,92000000.0,WIPRO.NS
Gain Loss On Sale Of PPE,2024-06-30 00:00:00,-23000000.0,WIPRO.NS
Net Income From Continuing Operations,2024-06-30 00:00:00,30366000000.0,WIPRO.NS
Free Cash Flow,2025-06-30 00:00:00,193494000000.0,BHARTIARTL.NS
Repurchase Of Capital Stock,2025-06-30 00:00:00,0.0,BHARTIARTL.NS
Issuance Of Capital Stock,2025-06-30 00:00:00,0.0,BHARTIARTL.NS
Capital Expenditure,2025-06-30 00:00:00,-113404000000.0,BHARTIARTL.NS
End Cash Position,2025-06-30 00:00:00,106372000000.0,BHARTIARTL.NS
Beginning Cash Position,2025-06-30 00:00:00,106531000000.0,BHARTIARTL.NS
Effect Of Exchange Rate Changes,2025-06-30 00:00:00,4626000000.0,BHARTIARTL.NS
Changes In Cash,2025-06-30 00:00:00,-4785000000.0,BHARTIARTL.NS
Financing Cash Flow,2025-06-30 00:00:00,-173575000000.0,BHARTIARTL.NS
Net Other Financing Charges,2025-06-30 00:00:00,-3932000000.0,BHARTIARTL.NS
Interest Paid Cff,2025-06-30 00:00:00,-33273000000.0,BHARTIARTL.NS
Cash Dividends Paid,2025-06-30 00:00:00,-2266000000.0,BHARTIARTL.NS
Common Stock Dividend Paid,2025-06-30 00:00:00,,BHARTIARTL.NS
Net Common Stock Issuance,2025-06-30 00:00:00,0.0,BHARTIARTL.NS
Common Stock Payments,2025-06-30 00:00:00,0.0,BHARTIARTL.NS
Common Stock Issuance,2025-06-30 00:00:00,0.0,BHARTIARTL.NS
Net Issuance Payments Of Debt,2025-06-30 00:00:00,-117217000000.0,BHARTIARTL.NS
Net Short Term Debt Issuance,2025-06-30 00:00:00,45139000000.0,BHARTIARTL.NS
Net Long Term Debt Issuance,2025-06-30 00:00:00,-162356000000.0,BHARTIARTL.NS
Investing Cash Flow,2025-06-30 00:00:00,-138108000000.0,BHARTIARTL.NS
Net Other Investing Changes,2025-06-30 00:00:00,,BHARTIARTL.NS
Interest Received Cfi,2025-06-30 00:00:00,647000000.0,BHARTIARTL.NS
Dividends Received Cfi,2025-06-30 00:00:00,1813000000.0,BHARTIARTL.NS
Net Investment Purchase And Sale,2025-06-30 00:00:00,-27164000000.0,BHARTIARTL.NS
Net Business Purchase And Sale,2025-06-30 00:00:00,0.0,BHARTIARTL.NS
Sale Of Business,2025-06-30 00:00:00,,BHARTIARTL.NS
Purchase Of Business,2025-06-30 00:00:00,0.0,BHARTIARTL.NS
Net Intangibles Purchase And Sale,2025-06-30 00:00:00,-2108000000.0,BHARTIARTL.NS
Purchase Of Intangibles,2025-06-30 00:00:00,-2108000000.0,BHARTIARTL.NS
Net PPE Purchase And Sale,2025-06-30 00:00:00,-111296000000.0,BHARTIARTL.NS
Operating Cash Flow,2025-06-30 00:00:00,306898000000.0,BHARTIARTL.NS
Taxes Refund Paid,2025-06-30 00:00:00,-16785000000.0,BHARTIARTL.NS
Change In Working Capital,2025-06-30 00:00:00,40317000000.0,BHARTIARTL.NS
Change In Other Current Assets,2025-06-30 00:00:00,2740000000.0,BHARTIARTL.NS
Change In Payable,2025-06-30 00:00:00,43974000000.0,BHARTIARTL.NS
Change In Receivables,2025-06-30 00:00:00,-6397000000.0,BHARTIARTL.NS
Other Non Cash Items,2025-06-30 00:00:00,52055000000.0,BHARTIARTL.NS
Depreciation And Amortization,2025-06-30 00:00:00,124651000000.0,BHARTIARTL.NS
Depreciation,2025-06-30 00:00:00,124651000000.0,BHARTIARTL.NS
Gain Loss On Investment Securities,2025-06-30 00:00:00,1616000000.0,BHARTIARTL.NS
Net Income From Continuing Operations,2025-06-30 00:00:00,105044000000.0,BHARTIARTL.NS
Free Cash Flow,2025-03-31 00:00:00,301888000000.0,BHARTIARTL.NS
Repurchase Of Capital Stock,2025-03-31 00:00:00,-5000000.0,BHARTIARTL.NS
Issuance Of Capital Stock,2025-03-31 00:00:00,-136000000.0,BHARTIARTL.NS
Capital Expenditure,2025-03-31 00:00:00,-170302000000.0,BHARTIARTL.NS
End Cash Position,2025-03-31 00:00:00,106531000000.0,BHARTIARTL.NS
Beginning Cash Position,2025-03-31 00:00:00,99224000000.0,BHARTIARTL.NS
Effect Of Exchange Rate Changes,2025-03-31 00:00:00,-2410000000.0,BHARTIARTL.NS
Changes In Cash,2025-03-31 00:00:00,9717000000.0,BHARTIARTL.NS
Financing Cash Flow,2025-03-31 00:00:00,-66740000000.0,BHARTIARTL.NS
Net Other Financing Charges,2025-03-31 00:00:00,-120110000000.0,BHARTIARTL.NS
Interest Paid Cff,2025-03-31 00:00:00,-37650000000.0,BHARTIARTL.NS
Cash Dividends Paid,2025-03-31 00:00:00,-2452000000.0,BHARTIARTL.NS
Common Stock Dividend Paid,2025-03-31 00:00:00,,BHARTIARTL.NS
Net Common Stock Issuance,2025-03-31 00:00:00,-141000000.0,BHARTIARTL.NS
Common Stock Payments,2025-03-31 00:00:00,-5000000.0,BHARTIARTL.NS
Common Stock Issuance,2025-03-31 00:00:00,-136000000.0,BHARTIARTL.NS
Net Issuance Payments Of Debt,2025-03-31 00:00:00,110692000000.0,BHARTIARTL.NS
Net Short Term Debt Issuance,2025-03-31 00:00:00,17285000000.0,BHARTIARTL.NS
Net Long Term Debt Issuance,2025-03-31 00:00:00,93407000000.0,BHARTIARTL.NS
Investing Cash Flow,2025-03-31 00:00:00,-182246000000.0,BHARTIARTL.NS
Net Other Investing Changes,2025-03-31 00:00:00,,BHARTIARTL.NS
Interest Received Cfi,2025-03-31 00:00:00,668000000.0,BHARTIARTL.NS
Dividends Received Cfi,2025-03-31 00:00:00,5000000.0,BHARTIARTL.NS
Net Investment Purchase And Sale,2025-03-31 00:00:00,-16045000000.0,BHARTIARTL.NS
Net Business Purchase And Sale,2025-03-31 00:00:00,46000000.0,BHARTIARTL.NS
Sale Of Business,2025-03-31 00:00:00,45000000.0,BHARTIARTL.NS
Purchase Of Business,2025-03-31 00:00:00,1000000.0,BHARTIARTL.NS
Net Intangibles Purchase And Sale,2025-03-31 00:00:00,144425000000.0,BHARTIARTL.NS
Purchase Of Intangibles,2025-03-31 00:00:00,144425000000.0,BHARTIARTL.NS
Net PPE Purchase And Sale,2025-03-31 00:00:00,-97858000000.0,BHARTIARTL.NS
Operating Cash Flow,2025-03-31 00:00:00,258703000000.0,BHARTIARTL.NS
Taxes Refund Paid,2025-03-31 00:00:00,-13500000000.0,BHARTIARTL.NS
Change In Working Capital,2025-03-31 00:00:00,3223000000.0,BHARTIARTL.NS
Change In Other Current Assets,2025-03-31 00:00:00,-66028000000.0,BHARTIARTL.NS
Change In Payable,2025-03-31 00:00:00,-28291000000.0,BHARTIARTL.NS
Change In Receivables,2025-03-31 00:00:00,28105000000.0,BHARTIARTL.NS
Other Non Cash Items,2025-03-31 00:00:00,81920000000.0,BHARTIARTL.NS
Depreciation And Amortization,2025-03-31 00:00:00,123260000000.0,BHARTIARTL.NS
Depreciation,2025-03-31 00:00:00,19299000000.0,BHARTIARTL.NS
Gain Loss On Investment Securities,2025-03-31 00:00:00,612000000.0,BHARTIARTL.NS
Net Income From Continuing Operations,2025-03-31 00:00:00,95839000000.0,BHARTIARTL.NS
Free Cash Flow,2024-12-31 00:00:00,138972000000.0,BHARTIARTL.NS
Repurchase Of Capital Stock,2024-12-31 00:00:00,-1433000000.0,BHARTIARTL.NS
Issuance Of Capital Stock,2024-12-31 00:00:00,1000000.0,BHARTIARTL.NS
Capital Expenditure,2024-12-31 00:00:00,-118306000000.0,BHARTIARTL.NS
End Cash Position,2024-12-31 00:00:00,99224000000.0,BHARTIARTL.NS
Beginning Cash Position,2024-12-31 00:00:00,77324000000.0,BHARTIARTL.NS
Effect Of Exchange Rate Changes,2024-12-31 00:00:00,1875000000.0,BHARTIARTL.NS
Changes In Cash,2024-12-31 00:00:00,20025000000.0,BHARTIARTL.NS
Financing Cash Flow,2024-12-31 00:00:00,-109072000000.0,BHARTIARTL.NS
Net Other Financing Charges,2024-12-31 00:00:00,-2644000000.0,BHARTIARTL.NS
Interest Paid Cff,2024-12-31 00:00:00,-32502000000.0,BHARTIARTL.NS
Cash Dividends Paid,2024-12-31 00:00:00,-7786000000.0,BHARTIARTL.NS
Common Stock Dividend Paid,2024-12-31 00:00:00,,BHARTIARTL.NS
Net Common Stock Issuance,2024-12-31 00:00:00,-1432000000.0,BHARTIARTL.NS
Common Stock Payments,2024-12-31 00:00:00,-1433000000.0,BHARTIARTL.NS
Common Stock Issuance,2024-12-31 00:00:00,1000000.0,BHARTIARTL.NS
Net Issuance Payments Of Debt,2024-12-31 00:00:00,-48387000000.0,BHARTIARTL.NS
Net Short Term Debt Issuance,2024-12-31 00:00:00,-44240000000.0,BHARTIARTL.NS
Net Long Term Debt Issuance,2024-12-31 00:00:00,-4147000000.0,BHARTIARTL.NS
Investing Cash Flow,2024-12-31 00:00:00,-128181000000.0,BHARTIARTL.NS
Net Other Investing Changes,2024-12-31 00:00:00,,BHARTIARTL.NS
Interest Received Cfi,2024-12-31 00:00:00,915000000.0,BHARTIARTL.NS
Dividends Received Cfi,2024-12-31 00:00:00,0.0,BHARTIARTL.NS
Net Investment Purchase And Sale,2024-12-31 00:00:00,-11812000000.0,BHARTIARTL.NS
Net Business Purchase And Sale,2024-12-31 00:00:00,1022000000.0,BHARTIARTL.NS
Sale Of Business,2024-12-31 00:00:00,1023000000.0,BHARTIARTL.NS
Purchase Of Business,2024-12-31 00:00:00,-1000000.0,BHARTIARTL.NS
Net Intangibles Purchase And Sale,2024-12-31 00:00:00,-34782000000.0,BHARTIARTL.NS
Purchase Of Intangibles,2024-12-31 00:00:00,-34782000000.0,BHARTIARTL.NS
Net PPE Purchase And Sale,2024-12-31 00:00:00,-83524000000.0,BHARTIARTL.NS
Operating Cash Flow,2024-12-31 00:00:00,257278000000.0,BHARTIARTL.NS
Taxes Refund Paid,2024-12-31 00:00:00,-14317000000.0,BHARTIARTL.NS
Change In Working Capital,2024-12-31 00:00:00,21307000000.0,BHARTIARTL.NS
Change In Other Current Assets,2024-12-31 00:00:00,5092000000.0,BHARTIARTL.NS
Change In Payable,2024-12-31 00:00:00,871000000.0,BHARTIARTL.NS
Change In Receivables,2024-12-31 00:00:00,15344000000.0,BHARTIARTL.NS
Other Non Cash Items,2024-12-31 00:00:00,-33086000000.0,BHARTIARTL.NS
Depreciation And Amortization,2024-12-31 00:00:00,117042000000.0,BHARTIARTL.NS
Depreciation,2024-12-31 00:00:00,117042000000.0,BHARTIARTL.NS
Gain Loss On Investment Securities,2024-12-31 00:00:00,-2587000000.0,BHARTIARTL.NS
Net Income From Continuing Operations,2024-12-31 00:00:00,168919000000.0,BHARTIARTL.NS
Free Cash Flow,2024-09-30 00:00:00,97137000000.0,BHARTIARTL.NS
Repurchase Of Capital Stock,2024-09-30 00:00:00,-1790000000.0,BHARTIARTL.NS
Issuance Of Capital Stock,2024-09-30 00:00:00,66000000.0,BHARTIARTL.NS
Capital Expenditure,2024-09-30 00:00:00,-152170000000.0,BHARTIARTL.NS
End Cash Position,2024-09-30 00:00:00,77324000000.0,BHARTIARTL.NS
Beginning Cash Position,2024-09-30 00:00:00,75950000000.0,BHARTIARTL.NS
Effect Of Exchange Rate Changes,2024-09-30 00:00:00,-633000000.0,BHARTIARTL.NS
Changes In Cash,2024-09-30 00:00:00,2007000000.0,BHARTIARTL.NS
Financing Cash Flow,2024-09-30 00:00:00,-103037000000.0,BHARTIARTL.NS
Net Other Financing Charges,2024-09-30 00:00:00,-7857000000.0,BHARTIARTL.NS
Interest Paid Cff,2024-09-30 00:00:00,-63744000000.0,BHARTIARTL.NS
Cash Dividends Paid,2024-09-30 00:00:00,-54404000000.0,BHARTIARTL.NS
Common Stock Dividend Paid,2024-09-30 00:00:00,,BHARTIARTL.NS
Net Common Stock Issuance,2024-09-30 00:00:00,-1724000000.0,BHARTIARTL.NS
Common Stock Payments,2024-09-30 00:00:00,-1790000000.0,BHARTIARTL.NS
Common Stock Issuance,2024-09-30 00:00:00,66000000.0,BHARTIARTL.NS
Net Issuance Payments Of Debt,2024-09-30 00:00:00,44359000000.0,BHARTIARTL.NS
Net Short Term Debt Issuance,2024-09-30 00:00:00,44017000000.0,BHARTIARTL.NS
Net Long Term Debt Issuance,2024-09-30 00:00:00,342000000.0,BHARTIARTL.NS
Investing Cash Flow,2024-09-30 00:00:00,-144263000000.0,BHARTIARTL.NS
Net Other Investing Changes,2024-09-30 00:00:00,,BHARTIARTL.NS
Interest Received Cfi,2024-09-30 00:00:00,817000000.0,BHARTIARTL.NS
Dividends Received Cfi,2024-09-30 00:00:00,0.0,BHARTIARTL.NS
Net Investment Purchase And Sale,2024-09-30 00:00:00,7242000000.0,BHARTIARTL.NS
Net Business Purchase And Sale,2024-09-30 00:00:00,-152000000.0,BHARTIARTL.NS
Sale Of Business,2024-09-30 00:00:00,67000000.0,BHARTIARTL.NS
Purchase Of Business,2024-09-30 00:00:00,-219000000.0,BHARTIARTL.NS
Net Intangibles Purchase And Sale,2024-09-30 00:00:00,-56608000000.0,BHARTIARTL.NS
Purchase Of Intangibles,2024-09-30 00:00:00,-56608000000.0,BHARTIARTL.NS
Net PPE Purchase And Sale,2024-09-30 00:00:00,-95562000000.0,BHARTIARTL.NS
Operating Cash Flow,2024-09-30 00:00:00,249307000000.0,BHARTIARTL.NS
Taxes Refund Paid,2024-09-30 00:00:00,-7388000000.0,BHARTIARTL.NS
Change In Working Capital,2024-09-30 00:00:00,34890000000.0,BHARTIARTL.NS
Change In Other Current Assets,2024-09-30 00:00:00,34462000000.0,BHARTIARTL.NS
Change In Payable,2024-09-30 00:00:00,7930000000.0,BHARTIARTL.NS
Change In Receivables,2024-09-30 00:00:00,-7502000000.0,BHARTIARTL.NS
Other Non Cash Items,2024-09-30 00:00:00,53092000000.0,BHARTIARTL.NS
Depreciation And Amortization,2024-09-30 00:00:00,110000000000.0,BHARTIARTL.NS
Depreciation,2024-09-30 00:00:00,110000000000.0,BHARTIARTL.NS
Gain Loss On Investment Securities,2024-09-30 00:00:00,-261000000.0,BHARTIARTL.NS
Net Income From Continuing Operations,2024-09-30 00:00:00,58974000000.0,BHARTIARTL.NS
Free Cash Flow,2024-06-30 00:00:00,48526000000.0,BHARTIARTL.NS
Repurchase Of Capital Stock,2024-06-30 00:00:00,-447000000.0,BHARTIARTL.NS
Issuance Of Capital Stock,2024-06-30 00:00:00,83000000.0,BHARTIARTL.NS
Capital Expenditure,2024-06-30 00:00:00,-169508000000.0,BHARTIARTL.NS
End Cash Position,2024-06-30 00:00:00,75950000000.0,BHARTIARTL.NS
Beginning Cash Position,2024-06-30 00:00:00,90521000000.0,BHARTIARTL.NS
Effect Of Exchange Rate Changes,2024-06-30 00:00:00,1886000000.0,BHARTIARTL.NS
Changes In Cash,2024-06-30 00:00:00,-16457000000.0,BHARTIARTL.NS
Financing Cash Flow,2024-06-30 00:00:00,-86483000000.0,BHARTIARTL.NS
Net Other Financing Charges,2024-06-30 00:00:00,-8627000000.0,BHARTIARTL.NS
Interest Paid Cff,2024-06-30 00:00:00,-41580000000.0,BHARTIARTL.NS
Cash Dividends Paid,2024-06-30 00:00:00,-4707000000.0,BHARTIARTL.NS
Common Stock Dividend Paid,2024-06-30 00:00:00,-4707000000.0,BHARTIARTL.NS
Net Common Stock Issuance,2024-06-30 00:00:00,-364000000.0,BHARTIARTL.NS
Common Stock Payments,2024-06-30 00:00:00,-447000000.0,BHARTIARTL.NS
Common Stock Issuance,2024-06-30 00:00:00,83000000.0,BHARTIARTL.NS
Net Issuance Payments Of Debt,2024-06-30 00:00:00,-12734000000.0,BHARTIARTL.NS
Net Short Term Debt Issuance,2024-06-30 00:00:00,19865000000.0,BHARTIARTL.NS
Net Long Term Debt Issuance,2024-06-30 00:00:00,-32599000000.0,BHARTIARTL.NS
Investing Cash Flow,2024-06-30 00:00:00,-148008000000.0,BHARTIARTL.NS
Net Other Investing Changes,2024-06-30 00:00:00,,BHARTIARTL.NS
Interest Received Cfi,2024-06-30 00:00:00,1839000000.0,BHARTIARTL.NS
Dividends Received Cfi,2024-06-30 00:00:00,1085000000.0,BHARTIARTL.NS
Net Investment Purchase And Sale,2024-06-30 00:00:00,27281000000.0,BHARTIARTL.NS
Net Business Purchase And Sale,2024-06-30 00:00:00,-8705000000.0,BHARTIARTL.NS
Sale Of Business,2024-06-30 00:00:00,,BHARTIARTL.NS
Purchase Of Business,2024-06-30 00:00:00,-8705000000.0,BHARTIARTL.NS
Net Intangibles Purchase And Sale,2024-06-30 00:00:00,-70757000000.0,BHARTIARTL.NS
Purchase Of Intangibles,2024-06-30 00:00:00,-70757000000.0,BHARTIARTL.NS
Net PPE Purchase And Sale,2024-06-30 00:00:00,-98751000000.0,BHARTIARTL.NS
Operating Cash Flow,2024-06-30 00:00:00,218034000000.0,BHARTIARTL.NS
Taxes Refund Paid,2024-06-30 00:00:00,-9175000000.0,BHARTIARTL.NS
Change In Working Capital,2024-06-30 00:00:00,24393000000.0,BHARTIARTL.NS
Change In Other Current Assets,2024-06-30 00:00:00,2606000000.0,BHARTIARTL.NS
Change In Payable,2024-06-30 00:00:00,28076000000.0,BHARTIARTL.NS
Change In Receivables,2024-06-30 00:00:00,-6289000000.0,BHARTIARTL.NS
Other Non Cash Items,2024-06-30 00:00:00,36554000000.0,BHARTIARTL.NS
Depreciation And Amortization,2024-06-30 00:00:00,105401000000.0,BHARTIARTL.NS
Depreciation,2024-06-30 00:00:00,105401000000.0,BHARTIARTL.NS
Gain Loss On Investment Securities,2024-06-30 00:00:00,608000000.0,BHARTIARTL.NS
Net Income From Continuing Operations,2024-06-30 00:00:00,60253000000.0,BHARTIARTL.NS
Free Cash Flow,2023-12-31 00:00:00,,BHARTIARTL.NS
Repurchase Of Capital Stock,2023-12-31 00:00:00,,BHARTIARTL.NS
Issuance Of Capital Stock,2023-12-31 00:00:00,,BHARTIARTL.NS
Capital Expenditure,2023-12-31 00:00:00,,BHARTIARTL.NS
End Cash Position,2023-12-31 00:00:00,,BHARTIARTL.NS
Beginning Cash Position,2023-12-31 00:00:00,,BHARTIARTL.NS
Effect Of Exchange Rate Changes,2023-12-31 00:00:00,,BHARTIARTL.NS
Changes In Cash,2023-12-31 00:00:00,,BHARTIARTL.NS
Financing Cash Flow,2023-12-31 00:00:00,,BHARTIARTL.NS
Net Other Financing Charges,2023-12-31 00:00:00,,BHARTIARTL.NS
Interest Paid Cff,2023-12-31 00:00:00,,BHARTIARTL.NS
Cash Dividends Paid,2023-12-31 00:00:00,,BHARTIARTL.NS
Common Stock Dividend Paid,2023-12-31 00:00:00,,BHARTIARTL.NS
Net Common Stock Issuance,2023-12-31 00:00:00,,BHARTIARTL.NS
Common Stock Payments,2023-12-31 00:00:00,,BHARTIARTL.NS
Common Stock Issuance,2023-12-31 00:00:00,,BHARTIARTL.NS
Net Issuance Payments Of Debt,2023-12-31 00:00:00,,BHARTIARTL.NS
Net Short Term Debt Issuance,2023-12-31 00:00:00,,BHARTIARTL.NS
Net Long Term Debt Issuance,2023-12-31 00:00:00,,BHARTIARTL.NS
Investing Cash Flow,2023-12-31 00:00:00,,BHARTIARTL.NS
Net Other Investing Changes,2023-12-31 00:00:00,1000000.0,BHARTIARTL.NS
Interest Received Cfi,2023-12-31 00:00:00,,BHARTIARTL.NS
Dividends Received Cfi,2023-12-31 00:00:00,,BHARTIARTL.NS
Net Investment Purchase And Sale,2023-12-31 00:00:00,,BHARTIARTL.NS
Net Business Purchase And Sale,2023-12-31 00:00:00,,BHARTIARTL.NS
Sale Of Business,2023-12-31 00:00:00,0.0,BHARTIARTL.NS
Purchase Of Business,2023-12-31 00:00:00,,BHARTIARTL.NS
Net Intangibles Purchase And Sale,2023-12-31 00:00:00,,BHARTIARTL.NS
Purchase Of Intangibles,2023-12-31 00:00:00,,BHARTIARTL.NS
Net PPE Purchase And Sale,2023-12-31 00:00:00,,BHARTIARTL.NS
Operating Cash Flow,2023-12-31 00:00:00,,BHARTIARTL.NS
Taxes Refund Paid,2023-12-31 00:00:00,,BHARTIARTL.NS
Change In Working Capital,2023-12-31 00:00:00,,BHARTIARTL.NS
Change In Other Current Assets,2023-12-31 00:00:00,,BHARTIARTL.NS
Change In Payable,2023-12-31 00:00:00,,BHARTIARTL.NS
Change In Receivables,2023-12-31 00:00:00,,BHARTIARTL.NS
Other Non Cash Items,2023-12-31 00:00:00,,BHARTIARTL.NS
Depreciation And Amortization,2023-12-31 00:00:00,,BHARTIARTL.NS
Depreciation,2023-12-31 00:00:00,,BHARTIARTL.NS
Gain Loss On Investment Securities,2023-12-31 00:00:00,,BHARTIARTL.NS
Net Income From Continuing Operations,2023-12-31 00:00:00,,BHARTIARTL.NS
Free Cash Flow,2025-03-31 00:00:00,892000000.0,INFY.NS
Repurchase Of Capital Stock,2025-03-31 00:00:00,0.0,INFY.NS
Repayment Of Debt,2025-03-31 00:00:00,-66000000.0,INFY.NS
Capital Expenditure,2025-03-31 00:00:00,-84000000.0,INFY.NS
End Cash Position,2025-03-31 00:00:00,2861000000.0,INFY.NS
Beginning Cash Position,2025-03-31 00:00:00,2663000000.0,INFY.NS
Effect Of Exchange Rate Changes,2025-03-31 00:00:00,60000000.0,INFY.NS
Changes In Cash,2025-03-31 00:00:00,138000000.0,INFY.NS
Financing Cash Flow,2025-03-31 00:00:00,-76000000.0,INFY.NS
Cash Flow From Continuing Financing Activities,2025-03-31 00:00:00,-76000000.0,INFY.NS
Net Other Financing Charges,2025-03-31 00:00:00,-10000000.0,INFY.NS
Proceeds From Stock Option Exercised,2025-03-31 00:00:00,0.0,INFY.NS
Cash Dividends Paid,2025-03-31 00:00:00,0.0,INFY.NS
Net Common Stock Issuance,2025-03-31 00:00:00,0.0,INFY.NS
Common Stock Payments,2025-03-31 00:00:00,0.0,INFY.NS
Net Issuance Payments Of Debt,2025-03-31 00:00:00,-66000000.0,INFY.NS
Net Long Term Debt Issuance,2025-03-31 00:00:00,-66000000.0,INFY.NS
Long Term Debt Payments,2025-03-31 00:00:00,-66000000.0,INFY.NS
Investing Cash Flow,2025-03-31 00:00:00,-762000000.0,INFY.NS
Cash Flow From Continuing Investing Activities,2025-03-31 00:00:00,-762000000.0,INFY.NS
Net Other Investing Changes,2025-03-31 00:00:00,-7000000.0,INFY.NS
Interest Received Cfi,2025-03-31 00:00:00,21000000.0,INFY.NS
Net Investment Purchase And Sale,2025-03-31 00:00:00,-692000000.0,INFY.NS
Sale Of Investment,2025-03-31 00:00:00,2584000000.0,INFY.NS
Purchase Of Investment,2025-03-31 00:00:00,-3276000000.0,INFY.NS
Net Business Purchase And Sale,2025-03-31 00:00:00,0.0,INFY.NS
Purchase Of Business,2025-03-31 00:00:00,0.0,INFY.NS
Capital Expenditure Reported,2025-03-31 00:00:00,-84000000.0,INFY.NS
Operating Cash Flow,2025-03-31 00:00:00,976000000.0,INFY.NS
Cash Flow From Continuing Operating Activities,2025-03-31 00:00:00,976000000.0,INFY.NS
Taxes Refund Paid,2025-03-31 00:00:00,-321000000.0,INFY.NS
Change In Working Capital,2025-03-31 00:00:00,71000000.0,INFY.NS
Change In Other Working Capital,2025-03-31 00:00:00,3000000.0,INFY.NS
Change In Other Current Liabilities,2025-03-31 00:00:00,62000000.0,INFY.NS
Change In Payables And Accrued Expense,2025-03-31 00:00:00,58000000.0,INFY.NS
Change In Payable,2025-03-31 00:00:00,58000000.0,INFY.NS
Change In Account Payable,2025-03-31 00:00:00,58000000.0,INFY.NS
Change In Prepaid Assets,2025-03-31 00:00:00,-181000000.0,INFY.NS
Change In Receivables,2025-03-31 00:00:00,129000000.0,INFY.NS
Other Non Cash Items,2025-03-31 00:00:00,-36000000.0,INFY.NS
Stock Based Compensation,2025-03-31 00:00:00,23000000.0,INFY.NS
Provisionand Write Offof Assets,2025-03-31 00:00:00,-27000000.0,INFY.NS
Asset Impairment Charge,2025-03-31 00:00:00,-6000000.0,INFY.NS
Deferred Tax,2025-03-31 00:00:00,304000000.0,INFY.NS
Deferred Income Tax,2025-03-31 00:00:00,304000000.0,INFY.NS
Depreciation Amortization Depletion,2025-03-31 00:00:00,150000000.0,INFY.NS
Depreciation And Amortization,2025-03-31 00:00:00,150000000.0,INFY.NS
Operating Gains Losses,2025-03-31 00:00:00,4000000.0,INFY.NS
Net Foreign Currency Exchange Gain Loss,2025-03-31 00:00:00,4000000.0,INFY.NS
Net Income From Continuing Operations,2025-03-31 00:00:00,814000000.0,INFY.NS
Free Cash Flow,2024-03-31 00:00:00,848000000.0,INFY.NS
Repurchase Of Capital Stock,2024-03-31 00:00:00,2000000.0,INFY.NS
Repayment Of Debt,2024-03-31 00:00:00,-71000000.0,INFY.NS
Capital Expenditure,2024-03-31 00:00:00,-66000000.0,INFY.NS
End Cash Position,2024-03-31 00:00:00,1773000000.0,INFY.NS
Beginning Cash Position,2024-03-31 00:00:00,1640000000.0,INFY.NS
Effect Of Exchange Rate Changes,2024-03-31 00:00:00,-15000000.0,INFY.NS
Changes In Cash,2024-03-31 00:00:00,148000000.0,INFY.NS
Financing Cash Flow,2024-03-31 00:00:00,-99000000.0,INFY.NS
Cash Flow From Continuing Financing Activities,2024-03-31 00:00:00,-99000000.0,INFY.NS
Net Other Financing Charges,2024-03-31 00:00:00,-31000000.0,INFY.NS
Proceeds From Stock Option Exercised,2024-03-31 00:00:00,1000000.0,INFY.NS
Cash Dividends Paid,2024-03-31 00:00:00,0.0,INFY.NS
Net Common Stock Issuance,2024-03-31 00:00:00,2000000.0,INFY.NS
Common Stock Payments,2024-03-31 00:00:00,2000000.0,INFY.NS
Net Issuance Payments Of Debt,2024-03-31 00:00:00,-71000000.0,INFY.NS
Net Long Term Debt Issuance,2024-03-31 00:00:00,-71000000.0,INFY.NS
Long Term Debt Payments,2024-03-31 00:00:00,-71000000.0,INFY.NS
Investing Cash Flow,2024-03-31 00:00:00,-667000000.0,INFY.NS
Cash Flow From Continuing Investing Activities,2024-03-31 00:00:00,-667000000.0,INFY.NS
Net Other Investing Changes,2024-03-31 00:00:00,-14000000.0,INFY.NS
Interest Received Cfi,2024-03-31 00:00:00,19000000.0,INFY.NS
Net Investment Purchase And Sale,2024-03-31 00:00:00,-618000000.0,INFY.NS
Sale Of Investment,2024-03-31 00:00:00,2268000000.0,INFY.NS
Purchase Of Investment,2024-03-31 00:00:00,-2886000000.0,INFY.NS
Net Business Purchase And Sale,2024-03-31 00:00:00,12000000.0,INFY.NS
Purchase Of Business,2024-03-31 00:00:00,12000000.0,INFY.NS
Capital Expenditure Reported,2024-03-31 00:00:00,-66000000.0,INFY.NS
Operating Cash Flow,2024-03-31 00:00:00,914000000.0,INFY.NS
Cash Flow From Continuing Operating Activities,2024-03-31 00:00:00,914000000.0,INFY.NS
Taxes Refund Paid,2024-03-31 00:00:00,-250000000.0,INFY.NS
Change In Working Capital,2024-03-31 00:00:00,16000000.0,INFY.NS
Change In Other Working Capital,2024-03-31 00:00:00,-40000000.0,INFY.NS
Change In Other Current Liabilities,2024-03-31 00:00:00,1000000.0,INFY.NS
Change In Payables And Accrued Expense,2024-03-31 00:00:00,16000000.0,INFY.NS
Change In Payable,2024-03-31 00:00:00,16000000.0,INFY.NS
Change In Account Payable,2024-03-31 00:00:00,16000000.0,INFY.NS
Change In Prepaid Assets,2024-03-31 00:00:00,-68000000.0,INFY.NS
Change In Receivables,2024-03-31 00:00:00,107000000.0,INFY.NS
Other Non Cash Items,2024-03-31 00:00:00,-220000000.0,INFY.NS
Stock Based Compensation,2024-03-31 00:00:00,27000000.0,INFY.NS
Provisionand Write Offof Assets,2024-03-31 00:00:00,-16000000.0,INFY.NS
Asset Impairment Charge,2024-03-31 00:00:00,-12000000.0,INFY.NS
Deferred Tax,2024-03-31 00:00:00,273000000.0,INFY.NS
Deferred Income Tax,2024-03-31 00:00:00,273000000.0,INFY.NS
Depreciation Amortization Depletion,2024-03-31 00:00:00,140000000.0,INFY.NS
Depreciation And Amortization,2024-03-31 00:00:00,140000000.0,INFY.NS
Operating Gains Losses,2024-03-31 00:00:00,-4000000.0,INFY.NS
Net Foreign Currency Exchange Gain Loss,2024-03-31 00:00:00,-4000000.0,INFY.NS
Net Income From Continuing Operations,2024-03-31 00:00:00,960000000.0,INFY.NS
Free Cash Flow,2023-12-31 00:00:00,665000000.0,INFY.NS
Repurchase Of Capital Stock,2023-12-31 00:00:00,,INFY.NS
Repayment Of Debt,2023-12-31 00:00:00,-62000000.0,INFY.NS
Capital Expenditure,2023-12-31 00:00:00,-42000000.0,INFY.NS
End Cash Position,2023-12-31 00:00:00,1640000000.0,INFY.NS
Beginning Cash Position,2023-12-31 00:00:00,1892000000.0,INFY.NS
Effect Of Exchange Rate Changes,2023-12-31 00:00:00,2000000.0,INFY.NS
Changes In Cash,2023-12-31 00:00:00,-254000000.0,INFY.NS
Financing Cash Flow,2023-12-31 00:00:00,-985000000.0,INFY.NS
Cash Flow From Continuing Financing Activities,2023-12-31 00:00:00,-985000000.0,INFY.NS
Net Other Financing Charges,2023-12-31 00:00:00,-27000000.0,INFY.NS
Proceeds From Stock Option Exercised,2023-12-31 00:00:00,0.0,INFY.NS
Cash Dividends Paid,2023-12-31 00:00:00,-894000000.0,INFY.NS
Net Common Stock Issuance,2023-12-31 00:00:00,,INFY.NS
Common Stock Payments,2023-12-31 00:00:00,,INFY.NS
Net Issuance Payments Of Debt,2023-12-31 00:00:00,-62000000.0,INFY.NS
Net Long Term Debt Issuance,2023-12-31 00:00:00,-62000000.0,INFY.NS
Long Term Debt Payments,2023-12-31 00:00:00,-62000000.0,INFY.NS
Investing Cash Flow,2023-12-31 00:00:00,24000000.0,INFY.NS
Cash Flow From Continuing Investing Activities,2023-12-31 00:00:00,24000000.0,INFY.NS
Net Other Investing Changes,2023-12-31 00:00:00,10000000.0,INFY.NS
Interest Received Cfi,2023-12-31 00:00:00,32000000.0,INFY.NS
Net Investment Purchase And Sale,2023-12-31 00:00:00,29000000.0,INFY.NS
Sale Of Investment,2023-12-31 00:00:00,2963000000.0,INFY.NS
Purchase Of Investment,2023-12-31 00:00:00,-2934000000.0,INFY.NS
Net Business Purchase And Sale,2023-12-31 00:00:00,-5000000.0,INFY.NS
Purchase Of Business,2023-12-31 00:00:00,-5000000.0,INFY.NS
Capital Expenditure Reported,2023-12-31 00:00:00,-42000000.0,INFY.NS
Operating Cash Flow,2023-12-31 00:00:00,707000000.0,INFY.NS
Cash Flow From Continuing Operating Activities,2023-12-31 00:00:00,707000000.0,INFY.NS
Taxes Refund Paid,2023-12-31 00:00:00,-314000000.0,INFY.NS
Change In Working Capital,2023-12-31 00:00:00,-220000000.0,INFY.NS
Change In Other Working Capital,2023-12-31 00:00:00,79000000.0,INFY.NS
Change In Other Current Liabilities,2023-12-31 00:00:00,-108000000.0,INFY.NS
Change In Payables And Accrued Expense,2023-12-31 00:00:00,75000000.0,INFY.NS
Change In Payable,2023-12-31 00:00:00,75000000.0,INFY.NS
Change In Account Payable,2023-12-31 00:00:00,75000000.0,INFY.NS
Change In Prepaid Assets,2023-12-31 00:00:00,-50000000.0,INFY.NS
Change In Receivables,2023-12-31 00:00:00,-216000000.0,INFY.NS
Other Non Cash Items,2023-12-31 00:00:00,5000000.0,INFY.NS
Stock Based Compensation,2023-12-31 00:00:00,18000000.0,INFY.NS
Provisionand Write Offof Assets,2023-12-31 00:00:00,,INFY.NS
Asset Impairment Charge,2023-12-31 00:00:00,2000000.0,INFY.NS
Deferred Tax,2023-12-31 00:00:00,301000000.0,INFY.NS
Deferred Income Tax,2023-12-31 00:00:00,301000000.0,INFY.NS
Depreciation Amortization Depletion,2023-12-31 00:00:00,141000000.0,INFY.NS
Depreciation And Amortization,2023-12-31 00:00:00,141000000.0,INFY.NS
Operating Gains Losses,2023-12-31 00:00:00,,INFY.NS
Net Foreign Currency Exchange Gain Loss,2023-12-31 00:00:00,15000000.0,INFY.NS
Net Income From Continuing Operations,2023-12-31 00:00:00,734000000.0,INFY.NS
Free Cash Flow,2025-06-30 00:00:00,110610000000.0,TCS.NS
Capital Expenditure,2025-06-30 00:00:00,-8580000000.0,TCS.NS
End Cash Position,2025-06-30 00:00:00,64430000000.0,TCS.NS
Beginning Cash Position,2025-06-30 00:00:00,83420000000.0,TCS.NS
Effect Of Exchange Rate Changes,2025-06-30 00:00:00,3040000000.0,TCS.NS
Changes In Cash,2025-06-30 00:00:00,-22030000000.0,TCS.NS
Financing Cash Flow,2025-06-30 00:00:00,-115020000000.0,TCS.NS
Net Other Financing Charges,2025-06-30 00:00:00,-10760000000.0,TCS.NS
Interest Paid Cff,2025-06-30 00:00:00,-1750000000.0,TCS.NS
Cash Dividends Paid,2025-06-30 00:00:00,-97780000000.0,TCS.NS
Investing Cash Flow,2025-06-30 00:00:00,-26200000000.0,TCS.NS
Net Other Investing Changes,2025-06-30 00:00:00,-5520000000.0,TCS.NS
Interest Received Cfi,2025-06-30 00:00:00,9530000000.0,TCS.NS
Dividends Received Cfi,2025-06-30 00:00:00,120000000.0,TCS.NS
Net Investment Purchase And Sale,2025-06-30 00:00:00,-14330000000.0,TCS.NS
Sale Of Investment,2025-06-30 00:00:00,373160000000.0,TCS.NS
Purchase Of Investment,2025-06-30 00:00:00,-387490000000.0,TCS.NS
Net Intangibles Purchase And Sale,2025-06-30 00:00:00,-330000000.0,TCS.NS
Purchase Of Intangibles,2025-06-30 00:00:00,-330000000.0,TCS.NS
Net PPE Purchase And Sale,2025-06-30 00:00:00,-8170000000.0,TCS.NS
Sale Of PPE,2025-06-30 00:00:00,80000000.0,TCS.NS
Purchase Of PPE,2025-06-30 00:00:00,-8250000000.0,TCS.NS
Operating Cash Flow,2025-06-30 00:00:00,119190000000.0,TCS.NS
Taxes Refund Paid,2025-06-30 00:00:00,-24570000000.0,TCS.NS
Change In Working Capital,2025-06-30 00:00:00,-25470000000.0,TCS.NS
Change In Other Current Liabilities,2025-06-30 00:00:00,9480000000.0,TCS.NS
Change In Other Current Assets,2025-06-30 00:00:00,-11410000000.0,TCS.NS
Change In Payable,2025-06-30 00:00:00,70000000.0,TCS.NS
Change In Inventory,2025-06-30 00:00:00,-40000000.0,TCS.NS
Change In Receivables,2025-06-30 00:00:00,-23570000000.0,TCS.NS
Other Non Cash Items,2025-06-30 00:00:00,-12370000000.0,TCS.NS
Deferred Tax,2025-06-30 00:00:00,41600000000.0,TCS.NS
Depreciation And Amortization,2025-06-30 00:00:00,13610000000.0,TCS.NS
Amortization Cash Flow,2025-06-30 00:00:00,2430000000.0,TCS.NS
Depreciation,2025-06-30 00:00:00,11180000000.0,TCS.NS
Gain Loss On Investment Securities,2025-06-30 00:00:00,-1440000000.0,TCS.NS
Net Foreign Currency Exchange Gain Loss,2025-06-30 00:00:00,-620000000.0,TCS.NS
Gain Loss On Sale Of PPE,2025-06-30 00:00:00,10000000.0,TCS.NS
Net Income From Continuing Operations,2025-06-30 00:00:00,128190000000.0,TCS.NS
Free Cash Flow,2024-09-30 00:00:00,107700000000.0,TCS.NS
Capital Expenditure,2024-09-30 00:00:00,-8120000000.0,TCS.NS
End Cash Position,2024-09-30 00:00:00,81550000000.0,TCS.NS
Beginning Cash Position,2024-09-30 00:00:00,76690000000.0,TCS.NS
Effect Of Exchange Rate Changes,2024-09-30 00:00:00,2330000000.0,TCS.NS
Changes In Cash,2024-09-30 00:00:00,2530000000.0,TCS.NS
Financing Cash Flow,2024-09-30 00:00:00,-42300000000.0,TCS.NS
Net Other Financing Charges,2024-09-30 00:00:00,,TCS.NS
Interest Paid Cff,2024-09-30 00:00:00,-1610000000.0,TCS.NS
Cash Dividends Paid,2024-09-30 00:00:00,-36180000000.0,TCS.NS
Investing Cash Flow,2024-09-30 00:00:00,-70990000000.0,TCS.NS
Net Other Investing Changes,2024-09-30 00:00:00,0.0,TCS.NS
Interest Received Cfi,2024-09-30 00:00:00,4310000000.0,TCS.NS
Dividends Received Cfi,2024-09-30 00:00:00,90000000.0,TCS.NS
Net Investment Purchase And Sale,2024-09-30 00:00:00,-67330000000.0,TCS.NS
Sale Of Investment,2024-09-30 00:00:00,325050000000.0,TCS.NS
Purchase Of Investment,2024-09-30 00:00:00,-392380000000.0,TCS.NS
Net Intangibles Purchase And Sale,2024-09-30 00:00:00,-520000000.0,TCS.NS
Purchase Of Intangibles,2024-09-30 00:00:00,-520000000.0,TCS.NS
Net PPE Purchase And Sale,2024-09-30 00:00:00,-7540000000.0,TCS.NS
Sale Of PPE,2024-09-30 00:00:00,60000000.0,TCS.NS
Purchase Of PPE,2024-09-30 00:00:00,-7600000000.0,TCS.NS
Operating Cash Flow,2024-09-30 00:00:00,115820000000.0,TCS.NS
Taxes Refund Paid,2024-09-30 00:00:00,-49280000000.0,TCS.NS
Change In Working Capital,2024-09-30 00:00:00,-520000000.0,TCS.NS
Change In Other Current Liabilities,2024-09-30 00:00:00,9350000000.0,TCS.NS
Change In Other Current Assets,2024-09-30 00:00:00,-6340000000.0,TCS.NS
Change In Payable,2024-09-30 00:00:00,8050000000.0,TCS.NS
Change In Inventory,2024-09-30 00:00:00,-10000000.0,TCS.NS
Change In Receivables,2024-09-30 00:00:00,-11570000000.0,TCS.NS
Other Non Cash Items,2024-09-30 00:00:00,-6440000000.0,TCS.NS
Deferred Tax,2024-09-30 00:00:00,40770000000.0,TCS.NS
Depreciation And Amortization,2024-09-30 00:00:00,12660000000.0,TCS.NS
Amortization Cash Flow,2024-09-30 00:00:00,,TCS.NS
Depreciation,2024-09-30 00:00:00,12660000000.0,TCS.NS
Gain Loss On Investment Securities,2024-09-30 00:00:00,-780000000.0,TCS.NS
Net Foreign Currency Exchange Gain Loss,2024-09-30 00:00:00,-270000000.0,TCS.NS
Gain Loss On Sale Of PPE,2024-09-30 00:00:00,-60000000.0,TCS.NS
Net Income From Continuing Operations,2024-09-30 00:00:00,119550000000.0,TCS.NS
Free Cash Flow,2024-06-30 00:00:00,95390000000.0,TCS.NS
Capital Expenditure,2024-06-30 00:00:00,-8780000000.0,TCS.NS
End Cash Position,2024-06-30 00:00:00,76690000000.0,TCS.NS
Beginning Cash Position,2024-06-30 00:00:00,90160000000.0,TCS.NS
Effect Of Exchange Rate Changes,2024-06-30 00:00:00,-140000000.0,TCS.NS
Changes In Cash,2024-06-30 00:00:00,-13330000000.0,TCS.NS
Financing Cash Flow,2024-06-30 00:00:00,-107810000000.0,TCS.NS
Net Other Financing Charges,2024-06-30 00:00:00,,TCS.NS
Interest Paid Cff,2024-06-30 00:00:00,-1720000000.0,TCS.NS
Cash Dividends Paid,2024-06-30 00:00:00,-101310000000.0,TCS.NS
Investing Cash Flow,2024-06-30 00:00:00,-9690000000.0,TCS.NS
Net Other Investing Changes,2024-06-30 00:00:00,20000000.0,TCS.NS
Interest Received Cfi,2024-06-30 00:00:00,8710000000.0,TCS.NS
Dividends Received Cfi,2024-06-30 00:00:00,60000000.0,TCS.NS
Net Investment Purchase And Sale,2024-06-30 00:00:00,-9730000000.0,TCS.NS
Sale Of Investment,2024-06-30 00:00:00,326910000000.0,TCS.NS
Purchase Of Investment,2024-06-30 00:00:00,-336640000000.0,TCS.NS
Net Intangibles Purchase And Sale,2024-06-30 00:00:00,-560000000.0,TCS.NS
Purchase Of Intangibles,2024-06-30 00:00:00,-560000000.0,TCS.NS
Net PPE Purchase And Sale,2024-06-30 00:00:00,-8190000000.0,TCS.NS
Sale Of PPE,2024-06-30 00:00:00,30000000.0,TCS.NS
Purchase Of PPE,2024-06-30 00:00:00,-8220000000.0,TCS.NS
Operating Cash Flow,2024-06-30 00:00:00,104170000000.0,TCS.NS
Taxes Refund Paid,2024-06-30 00:00:00,-37840000000.0,TCS.NS
Change In Working Capital,2024-06-30 00:00:00,-26160000000.0,TCS.NS
Change In Other Current Liabilities,2024-06-30 00:00:00,-9470000000.0,TCS.NS
Change In Other Current Assets,2024-06-30 00:00:00,-6300000000.0,TCS.NS
Change In Payable,2024-06-30 00:00:00,17320000000.0,TCS.NS
Change In Inventory,2024-06-30 00:00:00,0.0,TCS.NS
Change In Receivables,2024-06-30 00:00:00,-27710000000.0,TCS.NS
Other Non Cash Items,2024-06-30 00:00:00,-6190000000.0,TCS.NS
Deferred Tax,2024-06-30 00:00:00,41260000000.0,TCS.NS
Depreciation And Amortization,2024-06-30 00:00:00,12200000000.0,TCS.NS
Amortization Cash Flow,2024-06-30 00:00:00,,TCS.NS
Depreciation,2024-06-30 00:00:00,12200000000.0,TCS.NS
Gain Loss On Investment Securities,2024-06-30 00:00:00,-630000000.0,TCS.NS
Net Foreign Currency Exchange Gain Loss,2024-06-30 00:00:00,70000000.0,TCS.NS
Gain Loss On Sale Of PPE,2024-06-30 00:00:00,-20000000.0,TCS.NS
Net Income From Continuing Operations,2024-06-30 00:00:00,121050000000.0,TCS.NS
